dataset,path,error,tesla,manufacturer,model,subject,session,dim_x,dim_y,dim_z,voxel_x_mm,voxel_y_mm,voxel_z_mm,file_size_mb,n_voxels,n_nonzero,nonzero_frac,min,max,mean,median,std,mad,kurtosis,skewness,p01,p05,p95,p99,entropy,efc
UCLA,/run/media/falconnier/Elements/BIDS_datasets_selection/UCLA/sub-10159/anat/sub-10159_T1w.nii.gz,,,,,sub-10159,,176,256,256,1.0,1.0,1.0,11.098615646362305,11534336,9910171,0.8591886867176403,0.0,766.0,60.222098387606025,8.0,95.99430307902753,6.0,2.0195426125829767,1.7508507893459537,1.0,1.0,289.0,360.0,2.1303463161562957,
UCLA,/run/media/falconnier/Elements/BIDS_datasets_selection/UCLA/sub-10171/anat/sub-10171_T1w.nii.gz,,,,,sub-10171,,176,256,256,1.0,1.0,1.0,11.54360294342041,11534336,9688889,0.8400040539828214,0.0,958.0,76.01587075669873,11.0,107.8505789108329,9.0,0.8392645720134877,1.4060633614080469,1.0,2.0,313.0,388.0,1.7983267083229273,
UCLA,/run/media/falconnier/Elements/BIDS_datasets_selection/UCLA/sub-10193/anat/sub-10193_T1w.nii.gz,,,,,sub-10193,,176,256,256,0.9999972,1.0,1.0,11.684850692749023,11534336,9907959,0.8589969114823774,0.0,1136.0,74.92418226599445,12.0,107.68904829754385,9.0,0.9747455947652313,1.4548394076776896,1.0,2.0,318.0,384.0,1.5229934965140752,
UCLA,/run/media/falconnier/Elements/BIDS_datasets_selection/UCLA/sub-10217/anat/sub-10217_T1w.nii.gz,,,,,sub-10217,,176,256,256,1.0,1.0,1.0,11.295650482177734,11534336,10080854,0.8739865042946555,0.0,1280.0,76.48406742127204,8.0,130.0776972328705,6.0,2.0997023148775904,1.7869475836270066,1.0,1.0,390.0,481.0,1.2703360927043543,
UCLA,/run/media/falconnier/Elements/BIDS_datasets_selection/UCLA/sub-10206/anat/sub-10206_T1w.nii.gz,,,,,sub-10206,,176,256,256,1.0,1.0,1.0,11.195798873901367,11534336,10091534,0.8749124353582208,0.0,999.0,59.48102538226597,8.0,89.86377178590192,6.0,1.5656750399965995,1.5912410646521455,1.0,1.0,260.0,340.0,1.6109206995406142,
UCLA,/run/media/falconnier/Elements/BIDS_datasets_selection/UCLA/sub-10189/anat/sub-10189_T1w.nii.gz,,,,,sub-10189,,176,256,256,0.99999917,1.0,1.0,11.235515594482422,11534336,9588604,0.8313095786354758,0.0,776.0,77.33971848248191,9.0,111.11990158085997,7.0,1.0040795462400425,1.4226576637996262,1.0,1.0,317.0,403.0,2.1567041499044524,
UCLA,/run/media/falconnier/Elements/BIDS_datasets_selection/UCLA/sub-10225/anat/sub-10225_T1w.nii.gz,,,,,sub-10225,,176,256,256,1.0000021,1.0,1.0,10.799631118774414,11534336,10358399,0.8980490077625621,0.0,907.0,51.521721262137135,6.0,83.33222025097255,4.0,2.058324792513355,1.7285279372413935,1.0,1.0,249.0,311.0,1.6467148179636595,
UCLA,/run/media/falconnier/Elements/BIDS_datasets_selection/UCLA/sub-10227/anat/sub-10227_T1w.nii.gz,,,,,sub-10227,,176,256,256,1.0,1.0,1.0,11.000414848327637,11534336,9524223,0.8257278962568804,0.0,869.0,66.5985039409514,9.0,102.91569806004391,7.0,1.8007936646140568,1.6642850228727277,1.0,2.0,303.0,382.0,1.9069298425781078,
UCLA,/run/media/falconnier/Elements/BIDS_datasets_selection/UCLA/sub-10235/anat/sub-10235_T1w.nii.gz,,,,,sub-10235,,176,256,256,1.0,1.0,1.0,11.659695625305176,11534336,9744793,0.8448508002541282,0.0,1122.0,76.73520946006755,13.0,105.42046793961957,11.0,0.8106279814668751,1.3646897721915552,1.0,2.0,307.0,371.0,1.557471251715028,
UCLA,/run/media/falconnier/Elements/BIDS_datasets_selection/UCLA/sub-10228/anat/sub-10228_T1w.nii.gz,,,,,sub-10228,,176,256,256,1.000004,1.0,1.0,10.63163948059082,11534336,10041375,0.8705637671730735,0.0,604.0,48.76569214873461,6.0,76.6781052949799,4.0,1.9242190515253563,1.680242759919655,1.0,1.0,222.0,282.0,2.474140439551076,
UCLA,/run/media/falconnier/Elements/BIDS_datasets_selection/UCLA/sub-10249/anat/sub-10249_T1w.nii.gz,,,,,sub-10249,,176,256,256,1.0,1.0,1.0,11.488716125488281,11534336,9957347,0.8632787357677113,0.0,1158.0,78.85947381365739,9.0,118.07456316761828,7.0,1.0372400575397807,1.4728964576528634,1.0,1.0,343.0,422.0,1.440948381676995,
UCLA,/run/media/falconnier/Elements/BIDS_datasets_selection/UCLA/sub-10269/anat/sub-10269_T1w.nii.gz,,,,,sub-10269,,176,256,256,1.0,0.6875,0.6875,15.467599868774414,11534336,10731758,0.9304183613170277,0.0,858.0,124.45336532933374,110.0,100.5673087417981,85.0,-0.6522873318456699,0.5647525191496726,2.0,6.0,306.0,364.0,2.451652716603332,
UCLA,/run/media/falconnier/Elements/BIDS_datasets_selection/UCLA/sub-10271/anat/sub-10271_T1w.nii.gz,,,,,sub-10271,,176,256,256,0.9999982,1.0,1.0,11.038675308227539,11534336,9677792,0.8390419699928977,0.0,586.0,63.789657186267284,9.0,89.73217156163851,7.0,0.8738884910074365,1.3965760655233734,1.0,1.0,261.0,322.0,2.801708206203852,
UCLA,/run/media/falconnier/Elements/BIDS_datasets_selection/UCLA/sub-10273/anat/sub-10273_T1w.nii.gz,,,,,sub-10273,,176,256,256,1.0000025,1.0,1.0,11.673229217529297,11534336,9948031,0.8624710603193804,0.0,1080.0,79.50158036298842,10.0,127.31929103788893,7.0,1.8474832022579948,1.7080909027611608,1.0,2.0,382.0,475.0,1.5675965283395594,
UCLA,/run/media/falconnier/Elements/BIDS_datasets_selection/UCLA/sub-10274/anat/sub-10274_T1w.nii.gz,,,,,sub-10274,,176,256,256,0.999994,1.0,1.0,11.478985786437988,11534336,9472735,0.8212640068747781,0.0,902.0,82.47560350838485,13.0,111.59766244057411,11.0,0.5998595300023908,1.3013167948905717,1.0,2.0,321.0,393.0,1.952731219578993,
UCLA,/run/media/falconnier/Elements/BIDS_datasets_selection/UCLA/sub-10280/anat/sub-10280_T1w.nii.gz,,,,,sub-10280,,176,256,256,1.0,0.98046875,0.98046875,11.208678245544434,11534336,9428034,0.8173885345458984,0.0,731.0,74.1243073582467,13.0,96.97078931646875,11.0,0.3032794671646597,1.211466905863829,1.0,2.0,276.0,341.0,2.3789743414472535,
UCLA,/run/media/falconnier/Elements/BIDS_datasets_selection/UCLA/sub-10292/anat/sub-10292_T1w.nii.gz,,,,,sub-10292,,176,256,256,1.0,1.0,1.0,11.637208938598633,11534336,9443375,0.8187185634266246,0.0,1418.0,89.70520274795823,14.0,119.62647108886664,12.0,0.9848859803278316,1.3380225799712535,1.0,2.0,338.0,443.0,1.2687281433958344,
UCLA,/run/media/falconnier/Elements/BIDS_datasets_selection/UCLA/sub-10290/anat/sub-10290_T1w.nii.gz,,,,,sub-10290,,176,256,256,1.0,1.0,1.0,11.132038116455078,11534336,9973653,0.8646924278952859,0.0,763.0,63.978348955994356,8.0,102.3646202797418,6.0,1.821554690435475,1.6842931553385736,1.0,1.0,301.0,373.0,2.1021737548175894,
UCLA,/run/media/falconnier/Elements/BIDS_datasets_selection/UCLA/sub-10304/anat/sub-10304_T1w.nii.gz,,,,,sub-10304,,176,256,256,1.0,1.0,1.0,11.615523338317871,11534336,9755424,0.8457724831321023,0.0,955.0,79.70140375241506,12.0,119.79810009206163,9.0,1.2694683965306988,1.5622970706934982,1.0,2.0,360.0,435.0,1.8182943631780815,
UCLA,/run/media/falconnier/Elements/BIDS_datasets_selection/UCLA/sub-10316/anat/sub-10316_T1w.nii.gz,,,,,sub-10316,,176,256,256,1.0,1.0,1.0,11.323662757873535,11534336,9869924,0.8556993657892401,0.0,796.0,71.09747896741656,10.0,97.79032339032898,8.0,0.617154863332293,1.3180688796908298,1.0,1.0,283.0,345.0,2.1018088928069147,
UCLA,/run/media/falconnier/Elements/BIDS_datasets_selection/UCLA/sub-10321/anat/sub-10321_T1w.nii.gz,,,,,sub-10321,,176,256,256,1.0,1.0,1.0,11.33951473236084,11534336,9798368,0.8494956276633523,0.0,689.0,73.20401836305801,9.0,104.45897956334528,7.0,0.6038268642295934,1.3596490192471724,1.0,1.0,306.0,362.0,2.4175004014767203,
UCLA,/run/media/falconnier/Elements/BIDS_datasets_selection/UCLA/sub-10325/anat/sub-10325_T1w.nii.gz,,,,,sub-10325,,176,256,256,1.0000061,1.0,1.0,11.68414306640625,11534336,9730176,0.8435835404829546,0.0,1431.0,79.06479523083652,12.0,123.29412044328812,9.0,1.6179497091098751,1.6564851433912033,1.0,2.0,366.0,455.0,1.2110267630100964,
UCLA,/run/media/falconnier/Elements/BIDS_datasets_selection/UCLA/sub-10329/anat/sub-10329_T1w.nii.gz,,,,,sub-10329,,176,256,256,1.0,1.0,1.0,11.453577041625977,11534336,9538566,0.826971400867809,0.0,856.0,79.63626094320676,13.0,111.8229953411974,10.0,0.704987377759692,1.3733199261599418,1.0,2.0,324.0,398.0,2.0405872686991255,
UCLA,/run/media/falconnier/Elements/BIDS_datasets_selection/UCLA/sub-10339/anat/sub-10339_T1w.nii.gz,,,,,sub-10339,,176,256,256,0.9999988,1.0,1.0,11.035073280334473,11534336,9928423,0.8607710925015536,0.0,791.0,60.957213748850144,8.0,104.99256540953921,6.0,2.6340330289033718,1.921268396992248,1.0,1.0,319.0,400.0,1.9932297730157822,
UCLA,/run/media/falconnier/Elements/BIDS_datasets_selection/UCLA/sub-10340/anat/sub-10340_T1w.nii.gz,,,,,sub-10340,,176,256,256,1.0,1.0,1.0,12.081351280212402,11534336,9388098,0.813926176591353,0.0,986.0,102.21645598501422,22.0,123.47907249934248,20.0,0.2161351298223506,1.088303737704705,1.0,2.0,349.0,430.0,1.9098007302560054,
UCLA,/run/media/falconnier/Elements/BIDS_datasets_selection/UCLA/sub-10345/anat/sub-10345_T1w.nii.gz,,,,,sub-10345,,176,256,256,1.0,1.0,1.0,11.459299087524414,11534336,9955380,0.8631082014604048,0.0,801.0,72.07126980587381,9.0,104.26447270203816,7.0,0.7929892530682219,1.402741292093687,1.0,1.0,303.0,374.0,2.0661848746600695,
UCLA,/run/media/falconnier/Elements/BIDS_datasets_selection/UCLA/sub-10347/anat/sub-10347_T1w.nii.gz,,,,,sub-10347,,176,256,256,1.0,1.0,1.0,11.276198387145996,11534336,9623480,0.8343332464044745,0.0,860.0,72.92565184320017,10.0,114.22039672165702,8.0,1.7022578971234896,1.6736128877927023,1.0,2.0,344.0,421.0,1.9582970548412826,
UCLA,/run/media/falconnier/Elements/BIDS_datasets_selection/UCLA/sub-10361/anat/sub-10361_T1w.nii.gz,,,,,sub-10361,,176,256,256,1.0,1.0,1.0,10.402351379394531,11534336,10008085,0.8676776019009677,0.0,518.0,46.407888821887504,5.0,75.27455446137836,4.0,2.3754905018744408,1.791157902814441,1.0,1.0,219.0,292.0,2.7761622761028124,
UCLA,/run/media/falconnier/Elements/BIDS_datasets_selection/UCLA/sub-10356/anat/sub-10356_T1w.nii.gz,,,,,sub-10356,,176,256,256,1.0000007,1.0,1.0,11.40064525604248,11534336,10070725,0.8731083436445757,0.0,727.0,65.77289212047792,9.0,106.78272603540262,7.0,2.0281731249488075,1.758652506836715,1.0,1.0,320.0,400.0,2.239784678320595,
UCLA,/run/media/falconnier/Elements/BIDS_datasets_selection/UCLA/sub-10376/anat/sub-10376_T1w.nii.gz,,,,,sub-10376,,176,256,256,1.0,1.0,1.0,11.786093711853027,11534336,9651014,0.8367203799161044,0.0,1106.0,80.64709532076111,15.0,119.61153014897518,12.0,1.3225871687704984,1.5698475712969429,1.0,2.0,359.0,435.0,1.6051717618430603,
UCLA,/run/media/falconnier/Elements/BIDS_datasets_selection/UCLA/sub-10365/anat/sub-10365_T1w.nii.gz,,,,,sub-10365,,176,256,256,1.0,1.0,1.0,12.078458786010742,11534336,10019250,0.86864558133212,0.0,1471.0,86.3049865009856,12.0,132.96642473429785,9.0,1.591926176408875,1.635574234459566,1.0,2.0,399.0,491.0,1.1981867264945663,
UCLA,/run/media/falconnier/Elements/BIDS_datasets_selection/UCLA/sub-10388/anat/sub-10388_T1w.nii.gz,,,,,sub-10388,,176,256,256,1.0,1.0,1.0,11.170112609863281,11534336,9651392,0.8367531516335227,0.0,979.0,68.00609248904199,9.0,108.94206822624697,7.0,2.6446238044118724,1.8173359432532334,1.0,1.0,318.0,414.0,1.6997620953114676,
UCLA,/run/media/falconnier/Elements/BIDS_datasets_selection/UCLA/sub-10377/anat/sub-10377_T1w.nii.gz,,,,,sub-10377,,176,256,256,1.0,0.7109375,0.7109375,14.416491508483887,11534336,10558664,0.9154115156693892,0.0,757.0,108.04552877144306,60.0,109.66060922746486,53.0,-0.6023619976735888,0.8099190853001196,2.0,4.0,318.0,371.0,2.648273430011672,
UCLA,/run/media/falconnier/Elements/BIDS_datasets_selection/UCLA/sub-10438/anat/sub-10438_T1w.nii.gz,,,,,sub-10438,,176,256,256,1.0,1.0,1.0,11.304803848266602,11534336,9546914,0.8276951529762961,0.0,980.0,76.73743976325753,11.0,106.98807582609936,9.0,1.0756860387928002,1.406575824634919,1.0,2.0,304.0,383.0,1.7678369993145158,
UCLA,/run/media/falconnier/Elements/BIDS_datasets_selection/UCLA/sub-10429/anat/sub-10429_T1w.nii.gz,,,,,sub-10429,,176,256,256,1.0,1.0,1.0,9.979792594909668,11534336,9962183,0.8636980056762695,0.0,462.0,40.60636970832598,5.0,64.50577303398624,4.0,1.6573990152669102,1.649969667410056,1.0,1.0,190.0,234.0,3.0422594423992,
UCLA,/run/media/falconnier/Elements/BIDS_datasets_selection/UCLA/sub-10440/anat/sub-10440_T1w.nii.gz,,,,,sub-10440,,176,256,256,1.0,1.0,1.0,11.400460243225098,11534336,9770822,0.8471074537797407,0.0,972.0,76.76237014654448,10.0,119.45380927821826,8.0,1.335243016637964,1.59743408072931,1.0,2.0,357.0,433.0,1.7406024984073358,
UCLA,/run/media/falconnier/Elements/BIDS_datasets_selection/UCLA/sub-10448/anat/sub-10448_T1w.nii.gz,,,,,sub-10448,,176,256,256,1.0,1.0,1.0,11.505547523498535,11534336,9722659,0.8429318341341886,0.0,925.0,80.91683437627505,11.0,114.86377062238753,9.0,0.899503881385082,1.3949469383711393,1.0,2.0,329.0,413.0,1.8574687806333077,
UCLA,/run/media/falconnier/Elements/BIDS_datasets_selection/UCLA/sub-10460/anat/sub-10460_T1w.nii.gz,,,,,sub-10460,,176,256,256,1.0,1.0,1.0,11.59826374053955,11534336,10158019,0.8806765296242454,0.0,1053.0,73.66525175824144,9.0,108.81791496402154,7.0,0.8708833467224331,1.4462004559848383,1.0,1.0,322.0,380.0,1.5794243113159823,
UCLA,/run/media/falconnier/Elements/BIDS_datasets_selection/UCLA/sub-10455/anat/sub-10455_T1w.nii.gz,,,,,sub-10455,,176,256,256,1.0,1.0,1.0,11.395401000976562,11534336,9777669,0.8477010726928711,0.0,836.0,72.88668362571897,10.0,106.55792034881685,8.0,1.1150287740147649,1.4912646614705536,1.0,2.0,311.0,387.0,2.0327861573568105,
UCLA,/run/media/falconnier/Elements/BIDS_datasets_selection/UCLA/sub-10471/anat/sub-10471_T1w.nii.gz,,,,,sub-10471,,176,256,256,1.0,1.0,1.0,11.356451034545898,11534336,9860463,0.8548791191794656,0.0,1059.0,70.7385722151181,9.0,119.40214896698762,6.0,2.3878031566299116,1.8518180666200132,1.0,2.0,358.0,455.0,1.5388063918311428,
UCLA,/run/media/falconnier/Elements/BIDS_datasets_selection/UCLA/sub-10478/anat/sub-10478_T1w.nii.gz,,,,,sub-10478,,176,256,256,1.0,1.0,1.0,11.11316967010498,11534336,9613058,0.8334296833385121,0.0,795.0,70.14756136912936,9.0,108.45360846330924,7.0,1.66909082277862,1.6306088902846292,1.0,1.0,316.0,411.0,2.065698399251618,
UCLA,/run/media/falconnier/Elements/BIDS_datasets_selection/UCLA/sub-10487/anat/sub-10487_T1w.nii.gz,,,,,sub-10487,,176,256,256,1.0,1.0,1.0,11.451539039611816,11534336,9739997,0.844434998252175,0.0,837.0,75.15563249146791,11.0,100.64499286413452,9.0,0.9541302413731736,1.3290258930785024,1.0,1.0,284.0,362.0,2.0508601649436016,
UCLA,/run/media/falconnier/Elements/BIDS_datasets_selection/UCLA/sub-10492/anat/sub-10492_T1w.nii.gz,,,,,sub-10492,,176,256,256,1.0,1.0,1.0,11.107590675354004,11534336,9999266,0.8669130151922052,0.0,842.0,60.78983567393847,8.0,99.83473741663278,5.0,2.2004574425935806,1.8036622087350527,1.0,1.0,293.0,386.0,1.897714747577426,
UCLA,/run/media/falconnier/Elements/BIDS_datasets_selection/UCLA/sub-10517/anat/sub-10517_T1w.nii.gz,,,,,sub-10517,,176,256,256,1.0,1.0,1.0,11.660850524902344,11534336,10329435,0.8955378965897993,0.0,1184.0,67.41566300576943,8.0,105.76272707842256,6.0,1.698052293761573,1.662177979608616,1.0,1.0,318.0,392.0,1.3799742724062798,
UCLA,/run/media/falconnier/Elements/BIDS_datasets_selection/UCLA/sub-10506/anat/sub-10506_T1w.nii.gz,,,,,sub-10506,,176,256,256,1.0,1.0,1.0,11.328059196472168,11534336,9667432,0.8381437821821733,0.0,735.0,79.8506330326399,10.0,105.39659429924335,8.0,0.3817029533282752,1.2002888474538271,1.0,1.0,295.0,368.0,2.332014247480221,
UCLA,/run/media/falconnier/Elements/BIDS_datasets_selection/UCLA/sub-10523/anat/sub-10523_T1w.nii.gz,,,,,sub-10523,,176,256,256,1.0,1.0,1.0,11.54476261138916,11534336,9667750,0.838171352039684,0.0,919.0,83.39746838716351,11.0,114.5546709621337,9.0,0.5642868669437449,1.2867107145375836,1.0,2.0,321.0,400.0,1.8851604556694104,
UCLA,/run/media/falconnier/Elements/BIDS_datasets_selection/UCLA/sub-10524/anat/sub-10524_T1w.nii.gz,,,,,sub-10524,,176,256,256,1.0,1.0,1.0,11.259142875671387,11534336,9759582,0.8461329720237039,0.0,984.0,68.1602671098004,9.0,110.66629596909625,6.0,1.9654952805788595,1.7528456714108696,1.0,2.0,330.0,416.0,1.678093688012142,
UCLA,/run/media/falconnier/Elements/BIDS_datasets_selection/UCLA/sub-10525/anat/sub-10525_T1w.nii.gz,,,,,sub-10525,,176,256,256,1.0,1.0,1.0,11.428604125976562,11534336,10218570,0.8859261599454012,0.0,749.0,64.17699981504262,9.0,100.03337059721817,7.0,1.437300377358679,1.6126534936499795,1.0,1.0,295.0,368.0,2.1740389577064425,
UCLA,/run/media/falconnier/Elements/BIDS_datasets_selection/UCLA/sub-10527/anat/sub-10527_T1w.nii.gz,,,,,sub-10527,,176,256,256,1.0,1.0,1.0,11.590688705444336,11534336,9943570,0.862084302035245,0.0,705.0,74.55545704409985,11.0,104.36222658514657,9.0,0.9488855876766022,1.392020390355701,1.0,1.0,294.0,382.0,2.422822793993114,
UCLA,/run/media/falconnier/Elements/BIDS_datasets_selection/UCLA/sub-10557/anat/sub-10557_T1w.nii.gz,,,,,sub-10557,,176,256,256,1.0,1.0,1.0,11.085714340209961,11534336,9881050,0.8566639640114524,0.0,725.0,66.14482924385567,8.0,99.94280179320543,6.0,1.1207724741320968,1.5103374446575997,1.0,1.0,289.0,365.0,2.236667055132669,
UCLA,/run/media/falconnier/Elements/BIDS_datasets_selection/UCLA/sub-10530/anat/sub-10530_T1w.nii.gz,,,,,sub-10530,,176,256,256,1.0,1.0,1.0,10.930276870727539,11534336,9874078,0.8560595078901811,0.0,663.0,64.85504945373127,8.0,100.00375708330262,6.0,1.1985069679016895,1.541674953081265,1.0,1.0,290.0,365.0,2.3950188762691496,
UCLA,/run/media/falconnier/Elements/BIDS_datasets_selection/UCLA/sub-10570/anat/sub-10570_T1w.nii.gz,,,,,sub-10570,,176,256,256,1.0,1.0,1.0,11.032657623291016,11534336,10181245,0.8826901695945046,0.0,748.0,59.69000569183828,7.0,91.7897748743115,5.0,1.4114564766668787,1.5715186891284032,1.0,1.0,269.0,332.0,2.098172204894757,
UCLA,/run/media/falconnier/Elements/BIDS_datasets_selection/UCLA/sub-10565/anat/sub-10565_T1w.nii.gz,,,,,sub-10565,,176,256,256,1.0,1.0,1.0,11.186304092407227,11534336,10004790,0.8673919330943715,0.0,1090.0,60.98943036285619,8.0,99.24973706409536,6.0,2.1352032288069775,1.76718887981712,1.0,1.0,288.0,380.0,1.4627609573441076,
UCLA,/run/media/falconnier/Elements/BIDS_datasets_selection/UCLA/sub-10575/anat/sub-10575_T1w.nii.gz,,,,,sub-10575,,176,256,256,1.0,1.0,1.0,11.413949012756348,11534336,9746479,0.8449969725175337,0.0,865.0,73.37374389253802,11.0,106.04415425268277,9.0,1.2419443137359893,1.488566695320681,1.0,2.0,307.0,386.0,1.97118570925153,
UCLA,/run/media/falconnier/Elements/BIDS_datasets_selection/UCLA/sub-10624/anat/sub-10624_T1w.nii.gz,,,,,sub-10624,,176,256,256,1.0,1.0,1.0,11.465848922729492,11534336,9924081,0.8603946512395685,0.0,831.0,75.67555847236636,9.0,106.64088216948224,7.0,0.8168193221843856,1.361268229112156,1.0,1.0,303.0,378.0,2.0147501992319166,
UCLA,/run/media/falconnier/Elements/BIDS_datasets_selection/UCLA/sub-10631/anat/sub-10631_T1w.nii.gz,,,,,sub-10631,,176,256,256,1.0,1.0,1.0,11.65449333190918,11534336,10068095,0.8728803287852894,0.0,1176.0,84.18421270359487,10.0,137.98421583685226,7.0,1.775847447456818,1.7135446168725246,1.0,2.0,414.0,513.0,1.4335685079503087,
UCLA,/run/media/falconnier/Elements/BIDS_datasets_selection/UCLA/sub-10629/anat/sub-10629_T1w.nii.gz,,,,,sub-10629,,176,256,256,1.0,1.0,1.0,11.581811904907227,11534336,9944972,0.8622058521617543,0.0,751.0,83.1628135302945,9.0,115.26773010545044,7.0,0.5141473801923944,1.288404413739973,1.0,1.0,328.0,408.0,2.2789204375369945,
UCLA,/run/media/falconnier/Elements/BIDS_datasets_selection/UCLA/sub-10638/anat/sub-10638_T1w.nii.gz,,,,,sub-10638,,176,256,256,1.0,1.0,1.0,11.313552856445312,11534336,9946662,0.8623523712158203,0.0,791.0,71.80977427402279,8.0,108.34619310844518,6.0,1.5247756529235312,1.5704288668750988,1.0,1.0,312.0,403.0,2.0753674670598223,
UCLA,/run/media/falconnier/Elements/BIDS_datasets_selection/UCLA/sub-10668/anat/sub-10668_T1w.nii.gz,,,,,sub-10668,,176,256,256,1.0,1.0,1.0,11.342998504638672,11534336,9780144,0.8479156494140625,0.0,1161.0,72.13226502595462,10.0,114.2059531166567,7.0,1.622277635603596,1.6636975326705188,1.0,2.0,341.0,419.0,1.4340962779750324,
UCLA,/run/media/falconnier/Elements/BIDS_datasets_selection/UCLA/sub-10672/anat/sub-10672_T1w.nii.gz,,,,,sub-10672,,176,256,256,0.9999979,1.0,1.0,10.981181144714355,11534336,10075529,0.8735248392278497,0.0,1100.0,64.13759386727982,7.0,106.54251256153249,5.0,1.9867535464307178,1.7503123860506375,1.0,1.0,316.0,400.0,1.422797314191927,
UCLA,/run/media/falconnier/Elements/BIDS_datasets_selection/UCLA/sub-10674/anat/sub-10674_T1w.nii.gz,,,,,sub-10674,,176,256,256,1.0,1.0,1.0,11.56401538848877,11534336,9944823,0.8621929342096503,0.0,857.0,77.69663572695059,10.0,126.91239830507796,7.0,1.9505660920065981,1.7426309610761397,1.0,2.0,378.0,470.0,1.9530116253208292,
UCLA,/run/media/falconnier/Elements/BIDS_datasets_selection/UCLA/sub-10678/anat/sub-10678_T1w.nii.gz,,,,,sub-10678,,176,256,256,1.0,1.0,1.0,11.240836143493652,11534336,9938063,0.861606857993386,0.0,796.0,69.61084086506595,9.0,108.16340194293618,7.0,1.3640927618653285,1.5879482955268698,1.0,1.0,317.0,396.0,2.045936152167813,
UCLA,/run/media/falconnier/Elements/BIDS_datasets_selection/UCLA/sub-10680/anat/sub-10680_T1w.nii.gz,,,,,sub-10680,,176,256,256,1.0,1.0,1.0,11.2084379196167,11534336,9995173,0.866558161648837,0.0,1055.0,67.49061682073938,8.0,108.86763138930442,6.0,1.715892954280374,1.683678486575003,1.0,1.0,324.0,400.0,1.521257803565895,
UCLA,/run/media/falconnier/Elements/BIDS_datasets_selection/UCLA/sub-10686/anat/sub-10686_T1w.nii.gz,,,,,sub-10686,,176,256,256,1.000005,1.0,1.0,10.994088172912598,11534336,9823209,0.851649284362793,0.0,782.0,60.792417630531936,8.0,91.48790333581375,6.0,1.47866216901806,1.5548416045083722,1.0,1.0,261.0,334.0,2.0245919233123284,
UCLA,/run/media/falconnier/Elements/BIDS_datasets_selection/UCLA/sub-10692/anat/sub-10692_T1w.nii.gz,,,,,sub-10692,,176,256,256,1.0,1.0,1.0,11.23495864868164,11534336,9892520,0.8576583862304688,0.0,1137.0,72.44197120652775,9.0,122.52195514287088,6.0,2.2347783105849066,1.8187274603619878,1.0,2.0,366.0,463.0,1.4326503082516764,
UCLA,/run/media/falconnier/Elements/BIDS_datasets_selection/UCLA/sub-10696/anat/sub-10696_T1w.nii.gz,,,,,sub-10696,,176,256,256,1.0,1.0,1.0,11.63265323638916,11534336,9998923,0.8668832778930664,0.0,897.0,75.91388462537415,10.0,117.35222821441324,7.0,1.4233173948493167,1.5983549852278032,1.0,2.0,348.0,425.0,1.8865018328993917,
UCLA,/run/media/falconnier/Elements/BIDS_datasets_selection/UCLA/sub-10697/anat/sub-10697_T1w.nii.gz,,,,,sub-10697,,176,256,256,0.99999577,1.0,1.0,11.285956382751465,11534336,9705486,0.8414429751309481,0.0,933.0,74.50852703306151,9.0,110.02826765592444,7.0,1.2914536891340171,1.4998398939747764,1.0,1.0,316.0,394.0,1.798847669124932,
UCLA,/run/media/falconnier/Elements/BIDS_datasets_selection/UCLA/sub-10704/anat/sub-10704_T1w.nii.gz,,,,,sub-10704,,176,256,256,1.0000005,1.0,1.0,11.097691535949707,11534336,10022578,0.8689341111616655,0.0,779.0,64.70244711490398,8.0,102.3096859623559,6.0,1.5409737126192482,1.626009676804711,1.0,1.0,300.0,376.0,2.020608005567871,
UCLA,/run/media/falconnier/Elements/BIDS_datasets_selection/UCLA/sub-10707/anat/sub-10707_T1w.nii.gz,,,,,sub-10707,,176,256,256,1.0,1.0,1.0,11.572041511535645,11534336,9919958,0.8600371967662465,0.0,874.0,77.13748707403802,11.0,106.71830161289738,9.0,0.4508067300143721,1.2798633202658387,1.0,2.0,300.0,374.0,1.9460128307970925,
UCLA,/run/media/falconnier/Elements/BIDS_datasets_selection/UCLA/sub-10708/anat/sub-10708_T1w.nii.gz,,,,,sub-10708,,176,256,256,1.000002,1.0,1.0,11.557313919067383,11534336,9752640,0.8455311168323864,0.0,887.0,77.57706856810053,12.0,99.06641776931141,10.0,1.0005981209042742,1.2633777878103827,1.0,2.0,272.0,368.0,1.957864496814635,
UCLA,/run/media/falconnier/Elements/BIDS_datasets_selection/UCLA/sub-10719/anat/sub-10719_T1w.nii.gz,,,,,sub-10719,,176,256,256,1.0,1.0,1.0,11.329438209533691,11534336,10035359,0.8700421940196644,0.0,820.0,72.76593692363173,8.0,120.48298353987637,6.0,1.9629692721431802,1.7467812737129014,1.0,1.0,356.0,452.0,1.9778691669044939,
UCLA,/run/media/falconnier/Elements/BIDS_datasets_selection/UCLA/sub-10746/anat/sub-10746_T1w.nii.gz,,,,,sub-10746,,176,256,256,1.0,1.0,1.0,11.334210395812988,11534336,9699364,0.8409122120250355,0.0,835.0,74.43772684477044,10.0,110.11025962977838,7.0,1.0238699082517986,1.4784866321828258,1.0,2.0,322.0,396.0,2.019018279224361,
UCLA,/run/media/falconnier/Elements/BIDS_datasets_selection/UCLA/sub-10724/anat/sub-10724_T1w.nii.gz,,,,,sub-10724,,176,256,256,1.0,1.0,1.0,11.48000717163086,11534336,10216834,0.8857756527987394,0.0,1377.0,74.63389157541367,9.0,129.0200687698668,6.0,2.6978114549723236,1.8891674391898674,1.0,2.0,385.0,488.0,1.1788645761180396,
UCLA,/run/media/falconnier/Elements/BIDS_datasets_selection/UCLA/sub-10762/anat/sub-10762_T1w.nii.gz,,,,,sub-10762,,176,256,256,1.0,1.0,1.0,11.006481170654297,11534336,10019643,0.8686796535145153,0.0,876.0,61.30687261013192,7.0,103.06980982177772,5.0,2.2031446398140204,1.8005766477347,1.0,1.0,304.0,387.0,1.783415828321008,
UCLA,/run/media/falconnier/Elements/BIDS_datasets_selection/UCLA/sub-10779/anat/sub-10779_T1w.nii.gz,,,,,sub-10779,,176,256,256,1.0000051,1.0,1.0,11.189306259155273,11534336,10047843,0.8711245276711204,0.0,876.0,66.61964174798511,8.0,109.45882101511687,5.0,2.0927091783433465,1.7503091295276814,1.0,1.0,320.0,409.0,1.8192313455298665,
UCLA,/run/media/falconnier/Elements/BIDS_datasets_selection/UCLA/sub-10785/anat/sub-10785_T1w.nii.gz,,,,,sub-10785,,176,256,256,1.0000001,1.0,1.0,11.235862731933594,11534336,10081213,0.8740176287564364,0.0,806.0,64.56756870428191,8.0,103.56990657677345,6.0,1.6992554607608206,1.685580333942275,1.0,1.0,314.0,378.0,1.9762354139430698,
UCLA,/run/media/falconnier/Elements/BIDS_datasets_selection/UCLA/sub-10788/anat/sub-10788_T1w.nii.gz,,,,,sub-10788,,176,256,256,1.0000036,1.0,1.0,10.71871280670166,11534336,9739885,0.8444252881136808,0.0,833.0,55.722991390555435,7.0,81.32380022916318,6.0,1.3324685777826435,1.5063273479353676,1.0,1.0,233.0,301.0,1.888243876419987,
UCLA,/run/media/falconnier/Elements/BIDS_datasets_selection/UCLA/sub-10855/anat/sub-10855_T1w.nii.gz,,,,,sub-10855,,176,256,256,1.0000032,1.0,1.0,11.324986457824707,11534336,9984179,0.8656050075184215,0.0,798.0,69.86163429161276,9.0,105.2849623173106,7.0,1.6543992748430165,1.5823235315262314,1.0,1.0,302.0,385.0,2.0545370944283103,
UCLA,/run/media/falconnier/Elements/BIDS_datasets_selection/UCLA/sub-10844/anat/sub-10844_T1w.nii.gz,,,,,sub-10844,,176,256,256,1.0,1.0,1.0,11.518282890319824,11534336,10189456,0.8834020441228693,0.0,1206.0,71.16478760004459,9.0,106.80756769698007,7.0,1.2153591384401485,1.5069245844373629,1.0,1.0,312.0,383.0,1.3685872198792404,
UCLA,/run/media/falconnier/Elements/BIDS_datasets_selection/UCLA/sub-10877/anat/sub-10877_T1w.nii.gz,,,,,sub-10877,,176,256,256,1.0,1.0,1.0,11.497865676879883,11534336,9870460,0.8557458357377485,0.0,896.0,75.2975283826691,10.0,108.96905225815571,8.0,1.0557186816790933,1.4354816138082254,1.0,2.0,311.0,388.0,1.8863851294921163,
UCLA,/run/media/falconnier/Elements/BIDS_datasets_selection/UCLA/sub-10871/anat/sub-10871_T1w.nii.gz,,,,,sub-10871,,176,256,256,1.0,1.0,1.0,11.609963417053223,11534336,9836538,0.852804877541282,0.0,939.0,81.7843692567446,11.0,122.18941148324755,8.0,1.1297840840609048,1.4995903099907506,1.0,2.0,354.0,439.0,1.8292134152626642,
UCLA,/run/media/falconnier/Elements/BIDS_datasets_selection/UCLA/sub-10882/anat/sub-10882_T1w.nii.gz,,,,,sub-10882,,176,256,256,0.99999994,1.0,1.0,11.180039405822754,11534336,10149459,0.8799343976107511,0.0,922.0,61.709408649268894,8.0,97.84633009174252,6.0,1.7350270685791456,1.6796132735105436,1.0,1.0,292.0,366.0,1.726398214104719,
UCLA,/run/media/falconnier/Elements/BIDS_datasets_selection/UCLA/sub-10891/anat/sub-10891_T1w.nii.gz,,,,,sub-10891,,176,256,256,1.0,1.0,1.0,11.487558364868164,11534336,9980499,0.8652859601107511,0.0,966.0,75.6546321982498,9.0,122.57723283392849,7.0,2.2254498318220923,1.761821522150425,1.0,2.0,360.0,455.0,1.7277895557176342,
UCLA,/run/media/falconnier/Elements/BIDS_datasets_selection/UCLA/sub-10912/anat/sub-10912_T1w.nii.gz,,,,,sub-10912,,176,256,256,1.0000055,1.0,1.0,11.028791427612305,11534336,9967941,0.8641972108320757,0.0,743.0,63.47152295544286,7.0,100.74198753321824,5.0,1.6852199471799638,1.6541645353957413,1.0,1.0,296.0,369.0,2.1469720711765774,
UCLA,/run/media/falconnier/Elements/BIDS_datasets_selection/UCLA/sub-10893/anat/sub-10893_T1w.nii.gz,,,,,sub-10893,,176,256,256,0.99999714,1.0,1.0,11.120842933654785,11534336,10288227,0.8919652592052113,0.0,849.0,56.703902042596845,7.0,97.52367402010302,5.0,2.737646406082752,1.9167691685367407,1.0,1.0,291.0,375.0,1.8149156879945465,
UCLA,/run/media/falconnier/Elements/BIDS_datasets_selection/UCLA/sub-10940/anat/sub-10940_T1w.nii.gz,,,,,sub-10940,,176,256,256,0.9999972,1.0,1.0,11.350663185119629,11534336,10057059,0.8719235333529386,0.0,1165.0,70.07569708003105,9.0,106.98862136899882,6.0,1.1113807392619552,1.5145974335759078,1.0,1.0,312.0,388.0,1.3978859202366667,
UCLA,/run/media/falconnier/Elements/BIDS_datasets_selection/UCLA/sub-10934/anat/sub-10934_T1w.nii.gz,,,,,sub-10934,,176,256,256,1.0000033,1.0,1.0,11.264412879943848,11534336,10059011,0.8720927671952681,0.0,873.0,67.90428611719383,8.0,111.79984257345697,6.0,2.024709589792856,1.760502164956796,1.0,1.0,336.0,415.0,1.8478245482374298,
UCLA,/run/media/falconnier/Elements/BIDS_datasets_selection/UCLA/sub-10948/anat/sub-10948_T1w.nii.gz,,,,,sub-10948,,176,256,256,1.0,1.0,1.0,11.198090553283691,11534336,9915608,0.8596600619229403,0.0,1218.0,73.71042380860558,8.0,118.78104066554945,6.0,1.9834795724915049,1.7078682141857342,1.0,1.0,350.0,436.0,1.3454897438527424,
UCLA,/run/media/falconnier/Elements/BIDS_datasets_selection/UCLA/sub-10949/anat/sub-10949_T1w.nii.gz,,,,,sub-10949,,176,256,256,0.9999984,1.0,1.0,11.491597175598145,11534336,9939328,0.8617165305397727,0.0,832.0,74.04086473451726,9.0,108.85631796673957,7.0,1.2137313652998492,1.4909479924815827,1.0,2.0,315.0,395.0,2.0149050489760296,
UCLA,/run/media/falconnier/Elements/BIDS_datasets_selection/UCLA/sub-10958/anat/sub-10958_T1w.nii.gz,,,,,sub-10958,,176,256,256,1.0000051,1.0,1.0,11.32790470123291,11534336,9991246,0.86621769991788,0.0,984.0,69.8792091596984,9.0,122.02823812109348,6.0,2.7970506912785638,1.9489326253071397,1.0,2.0,372.0,468.0,1.649389335831613,
UCLA,/run/media/falconnier/Elements/BIDS_datasets_selection/UCLA/sub-10963/anat/sub-10963_T1w.nii.gz,,,,,sub-10963,,176,256,256,1.0000058,1.0,1.0,10.875697135925293,11534336,9984662,0.8656468824906782,0.0,727.0,57.98151815254237,7.0,98.08255481645917,5.0,2.2345585027184542,1.823894791932943,1.0,1.0,295.0,368.0,2.1284078172387764,
UCLA,/run/media/falconnier/Elements/BIDS_datasets_selection/UCLA/sub-10968/anat/sub-10968_T1w.nii.gz,,,,,sub-10968,,176,256,256,1.0,1.0,1.0,11.567360877990723,11534336,9598476,0.8321654579856179,0.0,682.0,81.78862811137935,14.0,103.12629082784099,12.0,0.3664032771120853,1.169749460640849,1.0,2.0,289.0,373.0,2.596948421856244,
UCLA,/run/media/falconnier/Elements/BIDS_datasets_selection/UCLA/sub-10975/anat/sub-10975_T1w.nii.gz,,,,,sub-10975,,176,256,256,1.0,1.0,1.0,11.416232109069824,11534336,10013580,0.8681540055708452,0.0,1002.0,70.51497266711806,9.0,105.16188510022586,7.0,1.1216391549471023,1.5067102306618478,1.0,1.0,309.0,378.0,1.6715977973316283,
UCLA,/run/media/falconnier/Elements/BIDS_datasets_selection/UCLA/sub-10977/anat/sub-10977_T1w.nii.gz,,,,,sub-10977,,176,256,256,1.0,1.0,1.0,11.108095169067383,11534336,9922688,0.8602738813920454,0.0,901.0,69.69417309100115,8.0,108.28580860030587,6.0,1.439043446590043,1.5835017836425032,1.0,1.0,314.0,396.0,1.7918251920836736,
UCLA,/run/media/falconnier/Elements/BIDS_datasets_selection/UCLA/sub-10987/anat/sub-10987_T1w.nii.gz,,,,,sub-10987,,176,256,256,1.0000008,1.0,1.0,10.925662994384766,11534336,9702344,0.8411705710671165,0.0,618.0,63.12451259200869,8.0,94.99107643321848,6.0,1.5980484175861402,1.5901097314228225,1.0,1.0,274.0,359.0,2.622964756454421,
UCLA,/run/media/falconnier/Elements/BIDS_datasets_selection/UCLA/sub-11019/anat/sub-11019_T1w.nii.gz,,,,,sub-11019,,176,256,256,1.0,1.0,1.0,10.995072364807129,11534336,9673657,0.8386834751475941,0.0,870.0,64.95823730363811,9.0,98.63267449508587,7.0,1.3811211418145337,1.5613390545601153,1.0,1.0,285.0,362.0,1.8687008959278686,
UCLA,/run/media/falconnier/Elements/BIDS_datasets_selection/UCLA/sub-10998/anat/sub-10998_T1w.nii.gz,,,,,sub-10998,,176,256,256,1.0000013,1.0,1.0,11.657596588134766,11534336,9894520,0.8578317815607245,0.0,741.0,74.1096078435336,12.0,103.95477154130757,10.0,1.123443217086776,1.447949581482729,1.0,2.0,301.0,378.0,2.3421028060200033,
UCLA,/run/media/falconnier/Elements/BIDS_datasets_selection/UCLA/sub-11030/anat/sub-11030_T1w.nii.gz,,,,,sub-11030,,176,256,256,1.0,1.0,1.0,11.217174530029297,11534336,9805488,0.8501129150390625,0.0,788.0,70.51990008044474,9.0,104.41598227313231,7.0,1.2208838643195783,1.4961017091869364,1.0,1.0,302.0,373.0,2.0796993772534798,
UCLA,/run/media/falconnier/Elements/BIDS_datasets_selection/UCLA/sub-11044/anat/sub-11044_T1w.nii.gz,,,,,sub-11044,,176,256,256,1.0,1.0,1.0,10.922825813293457,11534336,9699018,0.8408822146329012,0.0,809.0,65.90098977030458,8.0,101.44098162987818,6.0,1.3797634576389255,1.5714272938019018,1.0,1.0,297.0,369.0,1.980603901213914,
UCLA,/run/media/falconnier/Elements/BIDS_datasets_selection/UCLA/sub-11052/anat/sub-11052_T1w.nii.gz,,,,,sub-11052,,176,256,256,0.9999999,1.0,1.0,11.37261962890625,11534336,9685661,0.8397241939197887,0.0,949.0,80.39719054796569,10.0,115.96499724193522,8.0,0.7235602697403025,1.3793967074489903,1.0,2.0,334.0,411.0,1.7906797615420773,
UCLA,/run/media/falconnier/Elements/BIDS_datasets_selection/UCLA/sub-11050/anat/sub-11050_T1w.nii.gz,,,,,sub-11050,,176,256,256,1.0,1.0,1.0,11.580256462097168,11534336,9777193,0.8476598046042703,0.0,977.0,78.92708438914931,11.0,111.2793375733587,9.0,1.114812898262346,1.4208539885499565,1.0,2.0,315.0,399.0,1.7730738955030227,
UCLA,/run/media/falconnier/Elements/BIDS_datasets_selection/UCLA/sub-11059/anat/sub-11059_T1w.nii.gz,,,,,sub-11059,,176,256,256,1.0,1.0,1.0,11.431323051452637,11534336,9531551,0.8263632167469371,0.0,938.0,80.50018396796072,12.0,120.43006407368705,9.0,1.4550868421815997,1.5639796932299317,1.0,2.0,349.0,438.0,1.8523727648856796,
UCLA,/run/media/falconnier/Elements/BIDS_datasets_selection/UCLA/sub-11061/anat/sub-11061_T1w.nii.gz,,,,,sub-11061,,176,256,256,0.9999968,1.0,1.0,11.651925086975098,11534336,9772707,0.8472708788785067,0.0,1143.0,76.3240411280109,12.0,119.08630890688802,9.0,1.8371372981330714,1.705147530180512,1.0,2.0,358.0,444.0,1.5167953837708994,
UCLA,/run/media/falconnier/Elements/BIDS_datasets_selection/UCLA/sub-11062/anat/sub-11062_T1w.nii.gz,,,,,sub-11062,,176,256,256,0.9999955,1.0,1.0,11.88405704498291,11534336,9879312,0.8565132834694602,0.0,770.0,75.57879627650185,14.0,110.5741761573969,11.0,1.4784610897353554,1.5948697561216516,1.0,2.0,331.0,411.0,2.2807890401568662,
UCLA,/run/media/falconnier/Elements/BIDS_datasets_selection/UCLA/sub-11066/anat/sub-11066_T1w.nii.gz,,,,,sub-11066,,176,256,256,1.0000015,1.0,1.0,11.635442733764648,11534336,9527013,0.825969782742587,0.0,899.0,85.57802545246868,14.0,114.4133937216727,12.0,0.43101157882681074,1.257199791230229,1.0,2.0,326.0,405.0,1.9738965707425653,
UCLA,/run/media/falconnier/Elements/BIDS_datasets_selection/UCLA/sub-11067/anat/sub-11067_T1w.nii.gz,,,,,sub-11067,,176,256,256,1.0,1.0,1.0,11.310168266296387,11534336,9347189,0.8103794618086382,0.0,861.0,83.69593863994834,13.0,118.09147201008989,11.0,0.791578033111517,1.3849558649903533,1.0,2.0,339.0,416.0,2.042431842100582,
UCLA,/run/media/falconnier/Elements/BIDS_datasets_selection/UCLA/sub-11068/anat/sub-11068_T1w.nii.gz,,,,,sub-11068,,176,256,256,1.0000048,1.0,1.0,11.322539329528809,11534336,9636546,0.8354660380970348,0.0,933.0,73.03108032691381,11.0,100.59801003965407,9.0,0.9829830724457325,1.3748132134034525,1.0,1.0,284.0,365.0,1.8303786213358444,
UCLA,/run/media/falconnier/Elements/BIDS_datasets_selection/UCLA/sub-11077/anat/sub-11077_T1w.nii.gz,,,,,sub-11077,,176,256,256,1.0,1.0,1.0,11.041377067565918,11534336,9732811,0.8438119888305664,0.0,831.0,63.42668248669372,9.0,98.44697113541129,7.0,1.7581005969302304,1.6488767206234805,1.0,1.0,285.0,361.0,1.9541624990593163,
UCLA,/run/media/falconnier/Elements/BIDS_datasets_selection/UCLA/sub-11082/anat/sub-11082_T1w.nii.gz,,,,,sub-11082,,176,256,256,1.0,1.0,1.0,11.259184837341309,11534336,9824743,0.8517822785810991,0.0,789.0,72.58047319914628,9.0,116.5924011887057,6.0,1.5816574738064055,1.6665297908582581,1.0,2.0,348.0,424.0,2.081695218053789,
UCLA,/run/media/falconnier/Elements/BIDS_datasets_selection/UCLA/sub-11088/anat/sub-11088_T1w.nii.gz,,,,,sub-11088,,176,256,256,0.9999961,1.0,1.0,11.5154447555542,11534336,9717076,0.8424478010697798,0.0,1268.0,77.36317612417562,11.0,113.67452882871044,8.0,1.4525698914139795,1.518016092105244,1.0,2.0,321.0,408.0,1.3599108585391178,
UCLA,/run/media/falconnier/Elements/BIDS_datasets_selection/UCLA/sub-11090/anat/sub-11090_T1w.nii.gz,,,,,sub-11090,,176,256,256,1.0000025,1.0,1.0,11.526593208312988,11534336,9615789,0.8336664546619762,0.0,816.0,83.91148193871558,11.0,118.99421335301284,9.0,1.0782556585389296,1.4253495546913344,1.0,2.0,341.0,425.0,2.1323204289544333,
UCLA,/run/media/falconnier/Elements/BIDS_datasets_selection/UCLA/sub-11097/anat/sub-11097_T1w.nii.gz,,,,,sub-11097,,176,256,256,1.0000048,1.0,1.0,11.176006317138672,11534336,9650615,0.8366857875477184,0.0,843.0,71.64869938340718,9.0,106.01772607323878,7.0,1.3344670724688603,1.5181441636653847,1.0,1.0,307.0,380.0,1.980163352221687,
UCLA,/run/media/falconnier/Elements/BIDS_datasets_selection/UCLA/sub-11098/anat/sub-11098_T1w.nii.gz,,,,,sub-11098,,176,256,256,0.99999726,1.0,1.0,11.524970054626465,11534336,9736611,0.8441414399580522,0.0,970.0,76.27946613046367,13.0,100.80976052709315,11.0,0.7195138038689421,1.2908639176208798,1.0,2.0,285.0,356.0,1.8037076975227493,
UCLA,/run/media/falconnier/Elements/BIDS_datasets_selection/UCLA/sub-11104/anat/sub-11104_T1w.nii.gz,,,,,sub-11104,,176,256,256,1.0,1.0,1.0,11.424728393554688,11534336,9878241,0.8564204302701083,0.0,843.0,70.42901747385997,10.0,100.60040652442922,8.0,0.9077200220756585,1.4124804553070014,1.0,2.0,287.0,360.0,1.996305471582955,
UCLA,/run/media/falconnier/Elements/BIDS_datasets_selection/UCLA/sub-11105/anat/sub-11105_T1w.nii.gz,,,,,sub-11105,,176,256,256,0.9999995,1.0,1.0,11.04263687133789,11534336,9957380,0.8632815967906605,0.0,724.0,61.19744300207484,8.0,91.81629713773054,6.0,1.2184962779822568,1.5132391147904285,1.0,1.0,264.0,332.0,2.2046466057220826,
UCLA,/run/media/falconnier/Elements/BIDS_datasets_selection/UCLA/sub-11106/anat/sub-11106_T1w.nii.gz,,,,,sub-11106,,176,256,256,1.0000002,1.0,1.0,11.383056640625,11534336,9476082,0.8215541839599609,0.0,1030.0,83.10320425678039,12.0,113.89301068136841,10.0,0.8688018934890396,1.3427978354765546,1.0,2.0,322.0,401.0,1.6971245993032045,
UCLA,/run/media/falconnier/Elements/BIDS_datasets_selection/UCLA/sub-11108/anat/sub-11108_T1w.nii.gz,,,,,sub-11108,,176,256,256,1.0,1.0,1.0,11.304301261901855,11534336,9919829,0.860026012767445,0.0,925.0,68.10182463830778,9.0,107.31492040304035,6.0,1.7346085044677766,1.6769695109633809,1.0,2.0,319.0,396.0,1.7820436391607124,
UCLA,/run/media/falconnier/Elements/BIDS_datasets_selection/UCLA/sub-11112/anat/sub-11112_T1w.nii.gz,,,,,sub-11112,,176,256,256,1.0000036,1.0,1.0,11.533524513244629,11534336,9701463,0.8410941904241388,0.0,1027.0,77.61433084886269,12.0,112.89197441544513,9.0,1.2708614980107047,1.5012249565284974,1.0,2.0,324.0,410.0,1.6769442577717062,
UCLA,/run/media/falconnier/Elements/BIDS_datasets_selection/UCLA/sub-11122/anat/sub-11122_T1w.nii.gz,,,,,sub-11122,,176,256,256,1.0000015,1.0,1.0,11.252347946166992,11534336,10070628,0.8730999339710582,0.0,1302.0,55.25997127487978,9.0,91.34866128669346,6.0,7.065933937116963,2.293356277160924,1.0,2.0,256.0,367.0,1.2356891597279784,
UCLA,/run/media/falconnier/Elements/BIDS_datasets_selection/UCLA/sub-11128/anat/sub-11128_T1w.nii.gz,,,,,sub-11128,,176,256,256,1.0000049,1.0,1.0,11.278833389282227,11534336,9837882,0.8529213992032137,0.0,1038.0,68.22394027494943,10.0,112.92549708004155,7.0,2.1515938183277568,1.8075180304463065,1.0,2.0,340.0,427.0,1.5758394866067893,
UCLA,/run/media/falconnier/Elements/BIDS_datasets_selection/UCLA/sub-11131/anat/sub-11131_T1w.nii.gz,,,,,sub-11131,,176,256,256,0.9999994,1.0,1.0,10.930229187011719,11534336,9926712,0.8606227527965199,0.0,886.0,55.02592278289125,7.0,92.43055916222572,5.0,2.8258826845694553,1.9000986073792376,1.0,1.0,271.0,355.0,1.755198601532054,
UCLA,/run/media/falconnier/Elements/BIDS_datasets_selection/UCLA/sub-11142/anat/sub-11142_T1w.nii.gz,,,,,sub-11142,,176,256,256,1.0,1.0,1.0,11.405213356018066,11534336,9613649,0.8334809216586027,0.0,918.0,77.79204399911002,12.0,105.02511196992772,10.0,0.8093663596297067,1.3166368935828996,1.0,2.0,296.0,369.0,1.889679187158251,
UCLA,/run/media/falconnier/Elements/BIDS_datasets_selection/UCLA/sub-11143/anat/sub-11143_T1w.nii.gz,,,,,sub-11143,,176,256,256,0.9999977,1.0,1.0,11.707843780517578,11534336,10189072,0.8833687522194602,0.0,1187.0,73.19426096900679,9.0,105.68404827266046,7.0,0.9751095242166685,1.4203416943767153,1.0,2.0,309.0,375.0,1.4093939303268037,
UCLA,/run/media/falconnier/Elements/BIDS_datasets_selection/UCLA/sub-11149/anat/sub-11149_T1w.nii.gz,,,,,sub-11149,,176,256,256,1.0,1.0,1.0,11.497222900390625,11534336,9685101,0.8396756432273171,0.0,789.0,77.68698550484915,12.0,107.7556772351892,10.0,0.7250345256058615,1.35635079152915,1.0,2.0,310.0,388.0,2.189862717569204,
UCLA,/run/media/falconnier/Elements/BIDS_datasets_selection/UCLA/sub-11156/anat/sub-11156_T1w.nii.gz,,,,,sub-11156,,176,256,256,1.0,1.0,1.0,11.34593677520752,11534336,9632587,0.8351228020407937,0.0,920.0,79.62083280431311,10.0,122.30583050777544,8.0,1.4606550745300515,1.5886797697037414,1.0,2.0,357.0,441.0,1.8528975935368908,
UCLA,/run/media/falconnier/Elements/BIDS_datasets_selection/UCLA/sub-50004/anat/sub-50004_T1w.nii.gz,,,,,sub-50004,,176,256,256,1.0,1.0,1.0,11.3785982131958,11534336,9775183,0.8474855422973633,0.0,1074.0,72.53495806676969,11.0,102.03117202327678,9.0,2.3466766733993136,1.6188924781855636,1.0,1.0,277.0,421.0,1.5916924026169117,
UCLA,/run/media/falconnier/Elements/BIDS_datasets_selection/UCLA/sub-50005/anat/sub-50005_T1w.nii.gz,,,,,sub-50005,,176,240,256,1.0,1.0,1.0,10.959503173828125,10813440,9305189,0.86052070386482,0.0,633.0,73.01856716720101,12.0,95.72878518199485,10.0,0.31395103127286683,1.214784750035158,1.0,1.0,272.0,332.0,2.716825425006563,
UCLA,/run/media/falconnier/Elements/BIDS_datasets_selection/UCLA/sub-50006/anat/sub-50006_T1w.nii.gz,,,,,sub-50006,,176,256,256,0.99999917,1.0,1.0,12.153427124023438,11534336,10189475,0.8834036913785067,0.0,1132.0,81.16859710632785,14.0,109.7145531661484,12.0,1.6716601212209063,1.4396592765087612,1.0,2.0,305.0,377.0,1.5747172120245159,
UCLA,/run/media/falconnier/Elements/BIDS_datasets_selection/UCLA/sub-50007/anat/sub-50007_T1w.nii.gz,,,,,sub-50007,,176,256,256,1.0,1.0,1.0,10.674440383911133,11534336,9680902,0.8393115997314453,0.0,1366.0,56.93611855589489,7.0,90.44632649077619,5.0,5.33134920483665,2.0521854073764527,1.0,1.0,250.0,359.0,1.1636760280624043,
UCLA,/run/media/falconnier/Elements/BIDS_datasets_selection/UCLA/sub-50010/anat/sub-50010_T1w.nii.gz,,,,,sub-50010,,176,256,256,1.0,1.0,1.0,11.374015808105469,11534336,9231920,0.8003859086470171,0.0,1415.0,83.1348972911377,15.0,112.15762168294785,13.0,2.5984209661665165,1.574964647627028,1.0,2.0,307.0,447.0,1.2697552506904097,
UCLA,/run/media/falconnier/Elements/BIDS_datasets_selection/UCLA/sub-50008/anat/sub-50008_T1w.nii.gz,,,,,sub-50008,,176,256,256,1.0,1.0,1.0,10.948003768920898,11534336,9744851,0.8448558287187056,0.0,807.0,59.46943201081268,10.0,82.74953179848852,9.0,1.5760009660140577,1.5100331910433755,1.0,1.0,235.0,317.0,2.041073495420775,
UCLA,/run/media/falconnier/Elements/BIDS_datasets_selection/UCLA/sub-50013/anat/sub-50013_T1w.nii.gz,,,,,sub-50013,,176,256,256,1.0,1.0,1.0,11.83746337890625,11534336,9907017,0.858915242281827,0.0,915.0,82.53266417126366,13.0,104.25664737845432,11.0,0.1964306500954529,1.1317589301035726,1.0,2.0,294.0,365.0,1.9183380991662708,
UCLA,/run/media/falconnier/Elements/BIDS_datasets_selection/UCLA/sub-50014/anat/sub-50014_T1w.nii.gz,,,,,sub-50014,,176,256,256,1.0,1.0,1.0,11.410103797912598,11534336,9834040,0.8525883067737926,0.0,572.0,74.90407970681429,10.0,100.1947516627888,8.0,0.29419014951544886,1.2249536919662358,1.0,1.0,289.0,345.0,2.945179561601091,
UCLA,/run/media/falconnier/Elements/BIDS_datasets_selection/UCLA/sub-50015/anat/sub-50015_T1w.nii.gz,,,,,sub-50015,,176,256,256,1.0,1.0,1.0,11.482014656066895,11534336,10038751,0.8703362724997781,0.0,778.0,71.25026151161633,9.0,103.99209467545569,7.0,0.9070755811184648,1.4329717613800979,1.0,1.0,303.0,374.0,2.1145732454048134,
UCLA,/run/media/falconnier/Elements/BIDS_datasets_selection/UCLA/sub-50016/anat/sub-50016_T1w.nii.gz,,,,,sub-50016,,176,256,256,1.0,1.0,1.0,12.029870986938477,11534336,9609573,0.8331275419755415,0.0,984.0,91.49368228952525,20.0,113.05956785114599,18.0,0.17375741671600498,1.133400071399503,1.0,2.0,320.0,397.0,1.8854067459523514,
UCLA,/run/media/falconnier/Elements/BIDS_datasets_selection/UCLA/sub-50020/anat/sub-50020_T1w.nii.gz,,,,,sub-50020,,176,256,256,0.99999726,1.0,1.0,11.361417770385742,11534336,9866479,0.8554006923328746,0.0,923.0,66.04042242425083,10.0,91.89289244073957,8.0,1.1044155651566872,1.4218638614398382,1.0,1.0,264.0,333.0,1.8206203188919639,
UCLA,/run/media/falconnier/Elements/BIDS_datasets_selection/UCLA/sub-50021/anat/sub-50021_T1w.nii.gz,,,,,sub-50021,,176,256,256,0.9999987,1.0,1.0,11.054957389831543,11534336,10189729,0.8834257125854492,0.0,1059.0,59.668864206300285,7.0,104.93978745914978,5.0,2.6125406018659003,1.9229700652364388,1.0,1.0,321.0,397.0,1.4478219597404085,
UCLA,/run/media/falconnier/Elements/BIDS_datasets_selection/UCLA/sub-50022/anat/sub-50022_T1w.nii.gz,,,,,sub-50022,,176,256,256,1.0,1.0,1.0,11.489673614501953,11534336,9832791,0.852480021390048,0.0,635.0,71.9098920133663,11.0,95.67929485891784,9.0,0.586399733362728,1.279178726156194,1.0,1.0,272.0,340.0,2.6973417982871073,
UCLA,/run/media/falconnier/Elements/BIDS_datasets_selection/UCLA/sub-50023/anat/sub-50023_T1w.nii.gz,,,,,sub-50023,,176,256,256,0.9999961,1.0,1.0,10.93929672241211,11534336,9910711,0.8592355034568093,0.0,790.0,54.36845701584881,8.0,80.24632235879679,6.0,1.4276648924797861,1.557194569322212,1.0,1.0,237.0,287.0,2.001829376472816,
UCLA,/run/media/falconnier/Elements/BIDS_datasets_selection/UCLA/sub-50025/anat/sub-50025_T1w.nii.gz,,,,,sub-50025,,176,256,256,1.0,1.0,1.0,10.772982597351074,11534336,9894790,0.857855189930309,0.0,640.0,56.13716349715355,7.0,88.4930150131487,5.0,1.973002354418938,1.6992244268159404,1.0,1.0,260.0,331.0,2.4380070953925514,
UCLA,/run/media/falconnier/Elements/BIDS_datasets_selection/UCLA/sub-50027/anat/sub-50027_T1w.nii.gz,,,,,sub-50027,,176,256,256,1.0,1.0,1.0,11.092948913574219,11534336,10193091,0.883717190135609,0.0,1109.0,62.940817461553124,7.0,104.23232374892122,5.0,2.375090570881647,1.7897290218681539,1.0,1.0,305.0,387.0,1.4120718874185518,
UCLA,/run/media/falconnier/Elements/BIDS_datasets_selection/UCLA/sub-50032/anat/sub-50032_T1w.nii.gz,,,,,sub-50032,,176,256,256,1.0000011,1.0,1.0,11.601585388183594,11534336,9808183,0.850346565246582,0.0,821.0,70.69695946741614,15.0,94.92846151966087,13.0,0.9424473690700501,1.3808840582989241,1.0,2.0,274.0,343.0,2.132699136599323,
UCLA,/run/media/falconnier/Elements/BIDS_datasets_selection/UCLA/sub-50029/anat/sub-50029_T1w.nii.gz,,,,,sub-50029,,176,256,256,0.9999975,1.0,1.0,11.263191223144531,11534336,9819390,0.8513181859796698,0.0,1047.0,59.364975319240806,10.0,90.42961548084024,8.0,2.736695717460983,1.7990082818105573,1.0,1.0,261.0,359.0,1.577435818117287,
UCLA,/run/media/falconnier/Elements/BIDS_datasets_selection/UCLA/sub-50033/anat/sub-50033_T1w.nii.gz,,,,,sub-50033,,176,256,256,1.0,1.0,1.0,11.422752380371094,11534336,10082446,0.8741245269775391,0.0,659.0,60.44439404882506,10.0,88.56604152222614,8.0,1.3579097954814623,1.5411214327597407,1.0,1.0,258.0,323.0,2.4950191913244932,
UCLA,/run/media/falconnier/Elements/BIDS_datasets_selection/UCLA/sub-50034/anat/sub-50034_T1w.nii.gz,,,,,sub-50034,,176,256,256,0.9999984,1.0,1.0,11.422298431396484,11534336,9878797,0.8564686341719194,0.0,877.0,75.72571548944674,10.0,106.4128472718952,8.0,0.593753122324276,1.3285743744310954,1.0,2.0,306.0,371.0,1.9252676771000765,
UCLA,/run/media/falconnier/Elements/BIDS_datasets_selection/UCLA/sub-50035/anat/sub-50035_T1w.nii.gz,,,,,sub-50035,,176,256,256,0.99999714,1.0,1.0,10.532767295837402,11534336,9888463,0.857306653803045,0.0,587.0,50.3186419365679,6.0,79.92380971433897,4.0,1.9963585402311672,1.7098676896176408,1.0,1.0,236.0,298.0,2.5596574099093354,
UCLA,/run/media/falconnier/Elements/BIDS_datasets_selection/UCLA/sub-50036/anat/sub-50036_T1w.nii.gz,,,,,sub-50036,,176,256,256,1.0,1.0,1.0,11.701644897460938,11534336,9957650,0.863305005160245,0.0,1059.0,76.59433139345127,11.0,110.60077501784649,8.0,1.4076069753832288,1.4959433723675797,1.0,2.0,317.0,395.0,1.6156054570300258,
UCLA,/run/media/falconnier/Elements/BIDS_datasets_selection/UCLA/sub-50038/anat/sub-50038_T1w.nii.gz,,,,,sub-50038,,176,256,256,1.0000025,1.0,1.0,11.724955558776855,11534336,9945374,0.8622407046231356,0.0,939.0,77.45918906619299,11.0,115.31867803491174,9.0,1.2708226387606976,1.540260625259866,1.0,2.0,338.0,414.0,1.8368355054272636,
UCLA,/run/media/falconnier/Elements/BIDS_datasets_selection/UCLA/sub-50043/anat/sub-50043_T1w.nii.gz,,,,,sub-50043,,176,256,256,0.9999937,1.0,1.0,11.202336311340332,11534336,9901402,0.8584284348921343,0.0,844.0,68.26348995829076,9.0,101.10239257681663,7.0,1.2755648987092858,1.5019619274345286,1.0,1.0,290.0,361.0,1.950803882748127,
UCLA,/run/media/falconnier/Elements/BIDS_datasets_selection/UCLA/sub-50047/anat/sub-50047_T1w.nii.gz,,,,,sub-50047,,176,256,256,1.0,1.0,1.0,11.145791053771973,11534336,9773032,0.8472990556196733,0.0,948.0,68.2037829201828,9.0,97.97734476473785,7.0,1.7958670567691497,1.5443370123117885,1.0,1.0,274.0,368.0,1.7583053598508989,
UCLA,/run/media/falconnier/Elements/BIDS_datasets_selection/UCLA/sub-50048/anat/sub-50048_T1w.nii.gz,,,,,sub-50048,,176,256,256,1.0,1.0,1.0,11.3831787109375,11534336,9667660,0.8381635492498224,0.0,831.0,72.21680117008665,11.0,98.36576618906003,9.0,1.6038356146894674,1.450402799517989,1.0,1.0,274.0,365.0,2.0589646658564833,
UCLA,/run/media/falconnier/Elements/BIDS_datasets_selection/UCLA/sub-50049/anat/sub-50049_T1w.nii.gz,,,,,sub-50049,,176,256,256,0.99999595,1.0,1.0,10.999923706054688,11534336,9921852,0.8602014021439985,0.0,921.0,58.70891553310813,9.0,81.45620574830302,8.0,3.795178485199095,1.7190985708958706,1.0,1.0,217.0,298.0,1.7707806141446518,
UCLA,/run/media/falconnier/Elements/BIDS_datasets_selection/UCLA/sub-50050/anat/sub-50050_T1w.nii.gz,,,,,sub-50050,,176,256,256,1.0,1.0,1.0,10.830446243286133,11534336,9550236,0.8279831626198508,0.0,1020.0,66.03780974627225,9.0,85.59715280976891,8.0,0.8118568483762014,1.2267550578932527,1.0,1.0,237.0,300.0,1.636338364514007,
UCLA,/run/media/falconnier/Elements/BIDS_datasets_selection/UCLA/sub-50051/anat/sub-50051_T1w.nii.gz,,,,,sub-50051,,176,256,256,1.0,1.0,1.0,10.977498054504395,11534336,9622709,0.8342664025046609,0.0,764.0,63.86940361596719,10.0,89.29652967608988,8.0,1.3786056293209477,1.4581392293176638,1.0,1.0,252.0,325.0,2.1970234645755684,
UCLA,/run/media/falconnier/Elements/BIDS_datasets_selection/UCLA/sub-50052/anat/sub-50052_T1w.nii.gz,,,,,sub-50052,,176,256,256,1.0000021,1.0,1.0,11.06594467163086,11534336,9655398,0.8371004624800249,0.0,769.0,66.07616962035122,9.0,95.1405585779009,7.0,0.9688200892297951,1.4476301212314202,1.0,1.0,276.0,346.0,2.1812040459684146,
UCLA,/run/media/falconnier/Elements/BIDS_datasets_selection/UCLA/sub-50054/anat/sub-50054_T1w.nii.gz,,,,,sub-50054,,176,256,256,0.9999997,1.0,1.0,11.419322967529297,11534336,9682122,0.8394173708829012,0.0,565.0,74.70626676672738,13.0,90.68317141767623,12.0,0.029761909465829017,1.0503291548397693,1.0,1.0,255.0,318.0,3.057853818813028,
UCLA,/run/media/falconnier/Elements/BIDS_datasets_selection/UCLA/sub-50053/anat/sub-50053_T1w.nii.gz,,,,,sub-50053,,176,256,256,1.0000008,1.0,1.0,11.260275840759277,11534336,9642283,0.8359634226018732,0.0,942.0,79.0401012913643,10.0,118.115646205342,8.0,1.2613539205462816,1.5237876252523512,1.0,2.0,346.0,427.0,1.805884212943337,
UCLA,/run/media/falconnier/Elements/BIDS_datasets_selection/UCLA/sub-50055/anat/sub-50055_T1w.nii.gz,,,,,sub-50055,,176,256,256,1.0000037,1.0,1.0,11.418240547180176,11534336,9541761,0.8272483999078925,0.0,725.0,83.41490181948595,12.0,108.46937384817294,10.0,0.40151821912962093,1.2057836117758076,1.0,2.0,306.0,387.0,2.423123093325285,
UCLA,/run/media/falconnier/Elements/BIDS_datasets_selection/UCLA/sub-50056/anat/sub-50056_T1w.nii.gz,,,,,sub-50056,,176,256,256,0.99999803,1.0,1.0,11.376420021057129,11534336,9588639,0.8313126130537554,0.0,877.0,77.59990672294578,10.0,115.43404839318205,8.0,1.7175794671671554,1.585737394317536,1.0,2.0,326.0,435.0,1.9548463717368412,
UCLA,/run/media/falconnier/Elements/BIDS_datasets_selection/UCLA/sub-50059/anat/sub-50059_T1w.nii.gz,,,,,sub-50059,,176,256,256,0.9999993,1.0,1.0,11.257311820983887,11534336,9692704,0.8403348055752841,0.0,734.0,76.95517783272862,10.0,103.4328888849417,8.0,0.3866875144899251,1.241797209440053,1.0,1.0,295.0,364.0,2.3223336024168284,
UCLA,/run/media/falconnier/Elements/BIDS_datasets_selection/UCLA/sub-50058/anat/sub-50058_T1w.nii.gz,,,,,sub-50058,,176,256,256,0.9999977,1.0,1.0,10.74125862121582,11534336,10001730,0.8671266382390802,0.0,620.0,49.959721468186004,7.0,78.78878481926921,5.0,2.0941207211591983,1.7396728614544659,1.0,1.0,234.0,296.0,2.4812746968806287,
UCLA,/run/media/falconnier/Elements/BIDS_datasets_selection/UCLA/sub-50061/anat/sub-50061_T1w.nii.gz,,,,,sub-50061,,176,256,256,0.99999565,1.0,1.0,11.247234344482422,11534336,9719552,0.8426624644886364,0.0,986.0,69.10707499687229,11.0,94.25463933500707,9.0,1.1795066470325226,1.396703508469633,1.0,1.0,265.0,348.0,1.7301894502659718,
UCLA,/run/media/falconnier/Elements/BIDS_datasets_selection/UCLA/sub-50060/anat/sub-50060_T1w.nii.gz,,,,,sub-50060,,176,256,256,1.0000025,1.0,1.0,11.592945098876953,11534336,9967815,0.8641862869262695,0.0,1016.0,73.76802779746615,11.0,107.8647222284534,9.0,1.8724133133080256,1.6021173166013218,1.0,2.0,308.0,405.0,1.7050713142161018,
UCLA,/run/media/falconnier/Elements/BIDS_datasets_selection/UCLA/sub-50066/anat/sub-50066_T1w.nii.gz,,,,,sub-50066,,176,256,256,1.0000004,1.0,1.0,11.531455039978027,11534336,9827580,0.8520282398570668,0.0,899.0,72.81037793637904,11.0,97.93684160162061,9.0,0.8752859329179143,1.3315310086634409,1.0,2.0,278.0,351.0,1.9011003575183614,
UCLA,/run/media/falconnier/Elements/BIDS_datasets_selection/UCLA/sub-50064/anat/sub-50064_T1w.nii.gz,,,,,sub-50064,,176,256,256,1.0,1.0,1.0,11.066191673278809,11534336,9834644,0.8526406721635298,0.0,1258.0,61.23719384250208,8.0,91.4167593203561,6.0,2.0140146175354188,1.6383013916259972,1.0,1.0,261.0,349.0,1.30666359455551,
UCLA,/run/media/falconnier/Elements/BIDS_datasets_selection/UCLA/sub-50067/anat/sub-50067_T1w.nii.gz,,,,,sub-50067,,176,256,256,1.0,1.0,1.0,11.605367660522461,11534336,9711962,0.842004429210316,0.0,945.0,82.24840531707187,13.0,107.91813149468105,11.0,0.587045008067848,1.2364993742231187,1.0,2.0,300.0,378.0,1.8610021936338599,
UCLA,/run/media/falconnier/Elements/BIDS_datasets_selection/UCLA/sub-50069/anat/sub-50069_T1w.nii.gz,,,,,sub-50069,,176,256,256,1.0,1.0,1.0,11.381207466125488,11534336,9619074,0.8339512564919211,0.0,852.0,76.36314067237657,10.0,115.89856683182116,7.0,1.3422819821995535,1.5515652011718932,1.0,2.0,330.0,423.0,1.9881001311780742,
UCLA,/run/media/falconnier/Elements/BIDS_datasets_selection/UCLA/sub-50073/anat/sub-50073_T1w.nii.gz,,,,,sub-50073,,176,256,256,1.0,1.0,1.0,11.524057388305664,11534336,9458403,0.8200214559381659,0.0,872.0,82.04539222953389,13.0,112.99326851309726,10.0,0.46215311459026553,1.3106245894772373,1.0,2.0,325.0,397.0,2.02584462887371,
UCLA,/run/media/falconnier/Elements/BIDS_datasets_selection/UCLA/sub-50075/anat/sub-50075_T1w.nii.gz,,,,,sub-50075,,176,256,256,1.0000002,1.0,1.0,12.034770011901855,11534336,9895985,0.8579587936401367,0.0,899.0,74.44333504951756,18.0,98.28387850372378,15.0,1.1139754864160523,1.4128919398895972,1.0,2.0,283.0,357.0,2.006477535496083,
UCLA,/run/media/falconnier/Elements/BIDS_datasets_selection/UCLA/sub-50076/anat/sub-50076_T1w.nii.gz,,,,,sub-50076,,176,256,256,0.99999547,1.0,1.0,11.92275619506836,11534336,9773654,0.8473529815673828,0.0,996.0,83.6332375793127,18.0,103.2417656983558,16.0,0.67873902306901,1.1953924718771656,1.0,2.0,287.0,375.0,1.825045854302523,
UCLA,/run/media/falconnier/Elements/BIDS_datasets_selection/UCLA/sub-50077/anat/sub-50077_T1w.nii.gz,,,,,sub-50077,,176,256,256,0.9999975,1.0,1.0,11.421333312988281,11534336,9510297,0.82452054457231,0.0,824.0,79.82697932567196,12.0,114.98373341746274,9.0,1.0418261268165319,1.4494015271243779,1.0,2.0,329.0,413.0,2.1060477480517803,
UCLA,/run/media/falconnier/Elements/BIDS_datasets_selection/UCLA/sub-50081/anat/sub-50081_T1w.nii.gz,,,,,sub-50081,,176,256,256,1.0000032,1.0,1.0,11.627098083496094,11534336,9483306,0.8221804878928445,0.0,771.0,82.66660582290606,15.0,105.58680909052312,13.0,0.7031682747005283,1.2559664990246777,1.0,2.0,299.0,387.0,2.316385050170458,
UCLA,/run/media/falconnier/Elements/BIDS_datasets_selection/UCLA/sub-50080/anat/sub-50080_T1w.nii.gz,,,,,sub-50080,,176,256,256,1.0,1.0,1.0,11.367279052734375,11534336,9436904,0.8181575428355824,0.0,1214.0,78.09754883593179,12.0,110.03289507198245,10.0,1.6423598942639783,1.5140506690586648,1.0,2.0,309.0,417.0,1.4464621368543957,
UCLA,/run/media/falconnier/Elements/BIDS_datasets_selection/UCLA/sub-50085/anat/sub-50085_T1w.nii.gz,,,,,sub-50085,,176,256,256,1.0,1.0,1.0,11.366907119750977,11534336,9773179,0.8473118001764471,0.0,724.0,75.0622705263047,10.0,103.04972170214542,8.0,0.7171049161918184,1.3273749418926812,1.0,1.0,292.0,373.0,2.353612620282103,
UCLA,/run/media/falconnier/Elements/BIDS_datasets_selection/UCLA/sub-50083/anat/sub-50083_T1w.nii.gz,,,,,sub-50083,,176,256,256,1.0000037,1.0,1.0,11.616534233093262,11534336,9567672,0.8294948231090199,0.0,938.0,87.82055404909366,13.0,120.53051030937756,10.0,0.5816216535850485,1.3049970913012803,1.0,2.0,347.0,420.0,1.8864639088297896,
UCLA,/run/media/falconnier/Elements/BIDS_datasets_selection/UCLA/sub-60001/anat/sub-60001_T1w.nii.gz,,,,,sub-60001,,176,256,256,1.0000051,1.0,1.0,10.83080768585205,11534336,9813909,0.850842996077104,0.0,733.0,57.84937041906543,8.0,88.92419239261733,6.0,1.4466355389256913,1.6022394360219903,1.0,1.0,264.0,329.0,2.1632556118275295,
UCLA,/run/media/falconnier/Elements/BIDS_datasets_selection/UCLA/sub-60005/anat/sub-60005_T1w.nii.gz,,,,,sub-60005,,176,256,256,0.9999968,1.0,1.0,10.892984390258789,11534336,10046372,0.8709969954057173,0.0,640.0,55.170092546841786,7.0,90.97605496342302,5.0,2.056434111320108,1.773697422649785,1.0,1.0,273.0,339.0,2.4073073366164692,
UCLA,/run/media/falconnier/Elements/BIDS_datasets_selection/UCLA/sub-60008/anat/sub-60008_T1w.nii.gz,,,,,sub-60008,,176,256,256,1.0,1.0,1.0,11.068373680114746,11534336,9742477,0.8446500084616921,0.0,577.0,65.18032149318906,8.0,94.82684388065408,6.0,0.8639739660725998,1.4294304708988854,1.0,1.0,276.0,341.0,2.816812704524961,
UCLA,/run/media/falconnier/Elements/BIDS_datasets_selection/UCLA/sub-60006/anat/sub-60006_T1w.nii.gz,,,,,sub-60006,,176,256,256,1.0,1.0,1.0,12.071556091308594,11534336,9983692,0.8655627857555043,0.0,640.0,82.35778838129221,16.0,104.7366514338715,14.0,0.40774647277078824,1.2113256278338247,1.0,2.0,299.0,377.0,2.810325889942824,
UCLA,/run/media/falconnier/Elements/BIDS_datasets_selection/UCLA/sub-60011/anat/sub-60011_T1w.nii.gz,,,,,sub-60011,,176,256,256,1.0,1.0,1.0,11.58321762084961,11534336,10031262,0.8696869936856356,0.0,907.0,72.5086116781717,10.0,105.78568641852696,8.0,1.1427885952442338,1.4692120273782128,1.0,1.0,307.0,376.0,1.8440019708416684,
UCLA,/run/media/falconnier/Elements/BIDS_datasets_selection/UCLA/sub-60010/anat/sub-60010_T1w.nii.gz,,,,,sub-60010,,176,256,256,1.0000002,1.0,1.0,11.072683334350586,11534336,9784365,0.8482816002585671,0.0,720.0,63.76729169445334,9.0,95.11283810067356,7.0,1.2916688142793857,1.540330695240636,1.0,1.0,280.0,347.0,2.2753074489395484,
UCLA,/run/media/falconnier/Elements/BIDS_datasets_selection/UCLA/sub-60012/anat/sub-60012_T1w.nii.gz,,,,,sub-60012,,176,256,256,1.0,1.0,1.0,11.524467468261719,11534336,9727095,0.8433164249766957,0.0,1198.0,77.39670723890329,11.0,106.09858741070093,9.0,0.8206703854114186,1.343491720990583,1.0,2.0,303.0,381.0,1.4416699269691906,
UCLA,/run/media/falconnier/Elements/BIDS_datasets_selection/UCLA/sub-60014/anat/sub-60014_T1w.nii.gz,,,,,sub-60014,,176,256,256,0.99999917,1.0,1.0,10.781920433044434,11534336,10180733,0.8826457803899591,0.0,664.0,52.25832285357056,6.0,78.88469952270673,4.0,1.4246895720265522,1.5536870917026715,1.0,1.0,229.0,286.0,2.2929797764297106,
UCLA,/run/media/falconnier/Elements/BIDS_datasets_selection/UCLA/sub-60016/anat/sub-60016_T1w.nii.gz,,,,,sub-60016,,176,256,256,1.0,1.0,1.0,10.709131240844727,11534336,9802902,0.8498887148770419,0.0,619.0,57.79356337541679,7.0,83.67278979647823,5.0,0.9286727614725141,1.418625888241783,1.0,1.0,239.0,296.0,2.5423898166936425,
UCLA,/run/media/falconnier/Elements/BIDS_datasets_selection/UCLA/sub-60015/anat/sub-60015_T1w.nii.gz,,,,,sub-60015,,176,256,256,1.0000004,1.0,1.0,11.756266593933105,11534336,9832617,0.8524649359963157,0.0,1036.0,83.82471858712691,13.0,126.70466784227975,10.0,1.4427160496924687,1.5807546841269728,1.0,2.0,369.0,461.0,1.6868043471686451,
UCLA,/run/media/falconnier/Elements/BIDS_datasets_selection/UCLA/sub-60017/anat/sub-60017_T1w.nii.gz,,,,,sub-60017,,176,256,256,1.0,1.0,1.0,11.539838790893555,11534336,9699251,0.8409024151888761,0.0,922.0,82.2029464955593,11.0,117.51098751195589,9.0,0.9889844096561382,1.4241742743761576,1.0,2.0,337.0,422.0,1.8825352486651605,
UCLA,/run/media/falconnier/Elements/BIDS_datasets_selection/UCLA/sub-60020/anat/sub-60020_T1w.nii.gz,,,,,sub-60020,,176,256,256,1.0000005,1.0,1.0,10.924269676208496,11534336,9820695,0.8514313264326616,0.0,702.0,59.240896189119,8.0,89.07217005828888,6.0,1.0461059195277054,1.5010422422686238,1.0,1.0,256.0,326.0,2.2658674315065457,
UCLA,/run/media/falconnier/Elements/BIDS_datasets_selection/UCLA/sub-60022/anat/sub-60022_T1w.nii.gz,,,,,sub-60022,,176,256,256,1.0,1.0,1.0,11.353250503540039,11534336,10052856,0.8715591430664062,0.0,1017.0,71.7273315165362,8.0,115.66086690578241,6.0,1.6510054669102434,1.6613377386943227,1.0,1.0,340.0,422.0,1.6054207666735303,
UCLA,/run/media/falconnier/Elements/BIDS_datasets_selection/UCLA/sub-60028/anat/sub-60028_T1w.nii.gz,,,,,sub-60028,,176,256,256,1.0,1.0,1.0,11.029414176940918,11534336,10054228,0.8716780922629617,0.0,990.0,57.672867374799935,7.0,95.48400217552742,5.0,2.330012047675707,1.814450604183284,1.0,1.0,285.0,360.0,1.5867348160364565,
UCLA,/run/media/falconnier/Elements/BIDS_datasets_selection/UCLA/sub-60021/anat/sub-60021_T1w.nii.gz,,,,,sub-60021,,176,256,256,1.0000015,1.0,1.0,10.26573657989502,11534336,10160602,0.8809004696932706,0.0,530.0,45.49546001309765,5.0,76.37539867272164,3.0,2.117887040226349,1.7907547960509476,1.0,1.0,230.0,283.0,2.6561189778132754,
UCLA,/run/media/falconnier/Elements/BIDS_datasets_selection/UCLA/sub-60030/anat/sub-60030_T1w.nii.gz,,,,,sub-60030,,176,256,256,1.0,1.0,1.0,11.423382759094238,11534336,9592697,0.8316644321788441,0.0,1017.0,78.27577541540195,11.0,122.8897095655965,8.0,1.8833579362034163,1.6805846013244383,1.0,2.0,358.0,448.0,1.687784515410461,
UCLA,/run/media/falconnier/Elements/BIDS_datasets_selection/UCLA/sub-60033/anat/sub-60033_T1w.nii.gz,,,,,sub-60033,,176,256,256,1.0,1.0,1.0,10.791640281677246,11534336,10064001,0.872525388544256,0.0,717.0,51.19418668579226,7.0,85.89661710080489,5.0,2.7303459711032403,1.8954637534287166,1.0,1.0,255.0,328.0,2.1350303659385346,
UCLA,/run/media/falconnier/Elements/BIDS_datasets_selection/UCLA/sub-60036/anat/sub-60036_T1w.nii.gz,,,,,sub-60036,,176,256,256,0.9999999,1.0,1.0,11.138243675231934,11534336,9909443,0.8591255708174272,0.0,785.0,63.085314684185576,8.0,101.75162062823782,6.0,1.9758280570322437,1.7375702834067195,1.0,1.0,304.0,380.0,2.0347902171359147,
UCLA,/run/media/falconnier/Elements/BIDS_datasets_selection/UCLA/sub-60038/anat/sub-60038_T1w.nii.gz,,,,,sub-60038,,176,256,256,1.0,1.0,1.0,11.441829681396484,11534336,9883285,0.8568577332930132,0.0,799.0,73.60105359705807,9.0,104.06233173554503,7.0,0.8738347585158635,1.379881034593651,1.0,1.0,296.0,374.0,2.0871441308884906,
UCLA,/run/media/falconnier/Elements/BIDS_datasets_selection/UCLA/sub-60037/anat/sub-60037_T1w.nii.gz,,,,,sub-60037,,176,256,256,1.0000014,1.0,1.0,11.578927993774414,11534336,10090224,0.8747988614169034,0.0,967.0,71.5017207744843,9.0,111.43639849634106,6.0,1.6931159971072471,1.6419185514206558,1.0,2.0,328.0,412.0,1.709082280100381,
UCLA,/run/media/falconnier/Elements/BIDS_datasets_selection/UCLA/sub-60042/anat/sub-60042_T1w.nii.gz,,,,,sub-60042,,176,256,256,1.0,1.0,1.0,11.724327087402344,11534336,9637750,0.8355704220858488,0.0,914.0,87.64920889211693,14.0,118.05644769674294,12.0,0.7624193106486157,1.3100104021311973,1.0,2.0,332.0,418.0,1.9515384768320303,
UCLA,/run/media/falconnier/Elements/BIDS_datasets_selection/UCLA/sub-60043/anat/sub-60043_T1w.nii.gz,,,,,sub-60043,,176,256,256,1.0,1.0,1.0,11.28630256652832,11534336,10060449,0.8722174384377219,0.0,890.0,68.33422355205022,8.0,109.60464875523505,6.0,2.3536318208078333,1.7526469574268466,1.0,1.0,315.0,410.0,1.8213648382997434,
UCLA,/run/media/falconnier/Elements/BIDS_datasets_selection/UCLA/sub-60045/anat/sub-60045_T1w.nii.gz,,,,,sub-60045,,176,256,256,0.99999934,1.0,1.0,10.985849380493164,11534336,9848342,0.853828256780451,0.0,735.0,63.2646721651218,8.0,99.29528615318142,6.0,1.7663561582114022,1.6601269978342301,1.0,1.0,292.0,367.0,2.186577257368869,
UCLA,/run/media/falconnier/Elements/BIDS_datasets_selection/UCLA/sub-60046/anat/sub-60046_T1w.nii.gz,,,,,sub-60046,,176,256,256,0.99999684,1.0,1.0,11.52973747253418,11534336,10038250,0.870292836969549,0.0,691.0,69.51049196822156,11.0,95.27768871213419,9.0,0.4172421152992869,1.2895228675683446,1.0,1.0,275.0,333.0,2.434444510700697,
UCLA,/run/media/falconnier/Elements/BIDS_datasets_selection/UCLA/sub-60048/anat/sub-60048_T1w.nii.gz,,,,,sub-60048,,176,256,256,1.0000017,1.0,1.0,11.448504447937012,11534336,9816611,0.8510772531682794,0.0,767.0,71.77040457241303,10.0,100.92653574859966,8.0,0.8765190175229582,1.389960936415056,1.0,1.0,292.0,357.0,2.223462125148414,
UCLA,/run/media/falconnier/Elements/BIDS_datasets_selection/UCLA/sub-60051/anat/sub-60051_T1w.nii.gz,,,,,sub-60051,,176,256,256,0.999999,1.0,1.0,11.278261184692383,11534336,9658245,0.8373472907326438,0.0,856.0,72.09842295365256,11.0,102.89611092683191,9.0,0.9134478696545889,1.4231187654647242,1.0,2.0,296.0,364.0,1.990231682752336,
UCLA,/run/media/falconnier/Elements/BIDS_datasets_selection/UCLA/sub-60052/anat/sub-60052_T1w.nii.gz,,,,,sub-60052,,176,256,256,1.0,1.0,1.0,11.389226913452148,11534336,9506975,0.8242325349287554,0.0,835.0,76.3079521088464,13.0,103.61119343610615,11.0,1.0654274776436354,1.3915200213689165,1.0,2.0,293.0,383.0,2.0994817590077006,
UCLA,/run/media/falconnier/Elements/BIDS_datasets_selection/UCLA/sub-60049/anat/sub-60049_T1w.nii.gz,,,,,sub-60049,,176,256,256,1.0000014,1.0,1.0,11.295042991638184,11534336,9755325,0.8457639000632546,0.0,894.0,69.43061476680684,9.0,108.98235944077896,7.0,1.6086162252982925,1.661009900495585,1.0,2.0,326.0,403.0,1.8633288711557343,
UCLA,/run/media/falconnier/Elements/BIDS_datasets_selection/UCLA/sub-60053/anat/sub-60053_T1w.nii.gz,,,,,sub-60053,,176,256,256,0.9999975,1.0,1.0,11.58838939666748,11534336,9921424,0.8601642955433239,0.0,801.0,73.22923705306819,11.0,102.28704209104205,9.0,0.8589628110948055,1.3901820905538222,1.0,2.0,298.0,365.0,2.13311520347269,
UCLA,/run/media/falconnier/Elements/BIDS_datasets_selection/UCLA/sub-60055/anat/sub-60055_T1w.nii.gz,,,,,sub-60055,,176,256,256,0.9999991,1.0,1.0,11.947589874267578,11534336,9598624,0.8321782892400568,0.0,2080.0,86.37091483112579,17.0,113.25855293864495,15.0,4.988536495930811,1.6940925588180087,1.0,2.0,306.0,427.0,0.8750764907890797,
UCLA,/run/media/falconnier/Elements/BIDS_datasets_selection/UCLA/sub-60057/anat/sub-60057_T1w.nii.gz,,,,,sub-60057,,176,256,256,1.0000044,1.0,1.0,11.49219799041748,11534336,9827113,0.851987752047452,0.0,924.0,67.0682554479632,11.0,111.36853280399097,8.0,2.6920609075937545,1.9110877000159416,1.0,2.0,337.0,426.0,1.8134228823186611,
UCLA,/run/media/falconnier/Elements/BIDS_datasets_selection/UCLA/sub-60056/anat/sub-60056_T1w.nii.gz,,,,,sub-60056,,176,256,256,1.0,1.0,1.0,11.472870826721191,11534336,9854248,0.854340293190696,0.0,992.0,71.03095812080232,10.0,113.58813325499666,7.0,1.8247591044192593,1.7129339057062378,1.0,2.0,338.0,426.0,1.6865690944517524,
UCLA,/run/media/falconnier/Elements/BIDS_datasets_selection/UCLA/sub-60060/anat/sub-60060_T1w.nii.gz,,,,,sub-60060,,176,256,256,0.99999815,1.0,1.0,11.139148712158203,11534336,9621999,0.83420484716242,0.0,676.0,67.17556663641308,10.0,92.0170147197124,8.0,0.8389083554894357,1.342790817119244,1.0,1.0,259.0,332.0,2.4643184205810034,
UCLA,/run/media/falconnier/Elements/BIDS_datasets_selection/UCLA/sub-60062/anat/sub-60062_T1w.nii.gz,,,,,sub-60062,,176,256,256,1.0000002,1.0,1.0,11.993667602539062,11534336,9721080,0.8427949385209517,0.0,967.0,91.61833633711481,16.0,117.13310896714874,14.0,0.71532620853255,1.2303973652242282,1.0,2.0,322.0,424.0,1.880554828632921,
UCLA,/run/media/falconnier/Elements/BIDS_datasets_selection/UCLA/sub-60066/anat/sub-60066_T1w.nii.gz,,,,,sub-60066,,176,256,256,0.9999964,1.0,1.0,11.321259498596191,11534336,9710628,0.8418887745250355,0.0,742.0,72.51277353019805,10.0,102.552212336968,8.0,1.4566800564042222,1.4818504870789013,1.0,1.0,287.0,395.0,2.284465431991361,
UCLA,/run/media/falconnier/Elements/BIDS_datasets_selection/UCLA/sub-60065/anat/sub-60065_T1w.nii.gz,,,,,sub-60065,,176,256,256,1.0,1.0,1.0,11.541162490844727,11534336,9864754,0.8552511388605292,0.0,1163.0,70.55606252320129,10.0,102.11770075586871,8.0,2.1927767685576294,1.616928863799756,1.0,1.0,283.0,400.0,1.4574782374026478,
UCLA,/run/media/falconnier/Elements/BIDS_datasets_selection/UCLA/sub-60068/anat/sub-60068_T1w.nii.gz,,,,,sub-60068,,176,256,256,0.9999995,1.0,1.0,11.0555419921875,11534336,9696991,0.8407064784656871,0.0,723.0,64.00335939261983,9.0,92.40600834748163,7.0,1.7699462378172708,1.5502030783335845,1.0,1.0,259.0,351.0,2.2775035332887787,
UCLA,/run/media/falconnier/Elements/BIDS_datasets_selection/UCLA/sub-60072/anat/sub-60072_T1w.nii.gz,,,,,sub-60072,,176,256,256,1.0,1.0,1.0,11.730112075805664,11534336,9567646,0.8294925689697266,0.0,2274.0,80.74271278431497,14.0,115.70832225920668,12.0,5.632091856339642,1.912487529220401,1.0,2.0,313.0,427.0,0.7905838970362776,
UCLA,/run/media/falconnier/Elements/BIDS_datasets_selection/UCLA/sub-60070/anat/sub-60070_T1w.nii.gz,,,,,sub-60070,,176,256,256,0.999998,1.0,1.0,11.476268768310547,11534336,9943691,0.8620947924527255,0.0,1066.0,67.12121042377524,10.0,93.59276486262281,8.0,3.3710853585267166,1.6950024633935805,1.0,1.0,255.0,362.0,1.5840419236230792,
UCLA,/run/media/falconnier/Elements/BIDS_datasets_selection/UCLA/sub-60073/anat/sub-60073_T1w.nii.gz,,,,,sub-60073,,176,256,256,1.0,1.0,1.0,11.860977172851562,11534336,9812359,0.8507086146961559,0.0,867.0,75.62267717681344,14.0,98.46121250153125,12.0,0.6892604568042855,1.2804916935116653,1.0,2.0,280.0,347.0,2.0397573255395844,
UCLA,/run/media/falconnier/Elements/BIDS_datasets_selection/UCLA/sub-60074/anat/sub-60074_T1w.nii.gz,,,,,sub-60074,,176,256,256,0.9999972,1.0,1.0,11.515071868896484,11534336,9695897,0.8406116312200372,0.0,898.0,74.516789730749,11.0,115.72871161393418,8.0,1.7657933993230275,1.6865377068441163,1.0,2.0,350.0,430.0,1.9028250306754437,
UCLA,/run/media/falconnier/Elements/BIDS_datasets_selection/UCLA/sub-60076/anat/sub-60076_T1w.nii.gz,,,,,sub-60076,,176,256,256,1.0000032,1.0,1.0,11.655116081237793,11534336,9852481,0.8541870984164152,0.0,852.0,74.13885791812235,11.0,100.2937997519723,9.0,1.6285473879663277,1.4490712880842087,1.0,1.0,276.0,389.0,2.0221163323252336,
UCLA,/run/media/falconnier/Elements/BIDS_datasets_selection/UCLA/sub-60077/anat/sub-60077_T1w.nii.gz,,,,,sub-60077,,176,256,256,0.99999815,1.0,1.0,11.192878723144531,11534336,9760742,0.8462335413152521,0.0,808.0,64.03738230146847,9.0,90.78051273926818,7.0,1.090642320094755,1.4317257158861505,1.0,1.0,258.0,327.0,2.038461304642543,
UCLA,/run/media/falconnier/Elements/BIDS_datasets_selection/UCLA/sub-60078/anat/sub-60078_T1w.nii.gz,,,,,sub-60078,,176,256,256,0.99999905,1.0,1.0,11.335251808166504,11534336,9713435,0.8421321348710493,0.0,629.0,67.15894840496694,11.0,87.48044080728131,9.0,0.47683642898946976,1.2344459807964843,1.0,1.0,248.0,313.0,2.689783332771399,
UCLA,/run/media/falconnier/Elements/BIDS_datasets_selection/UCLA/sub-60079/anat/sub-60079_T1w.nii.gz,,,,,sub-60079,,176,256,256,0.9999977,1.0,1.0,11.467906951904297,11534336,9587815,0.83124117417769,0.0,848.0,76.10552790182122,12.0,104.10522254656881,10.0,1.1393371420893512,1.3943794733508432,1.0,2.0,291.0,386.0,2.044336317002015,
UCLA,/run/media/falconnier/Elements/BIDS_datasets_selection/UCLA/sub-60080/anat/sub-60080_T1w.nii.gz,,,,,sub-60080,,176,256,256,1.0,1.0,1.0,11.940279006958008,11534336,9370021,0.812358942898837,0.0,888.0,94.47466350395587,20.0,116.34181970568854,17.0,-0.03039869830286035,1.0867597772352384,1.0,2.0,331.0,403.0,2.09714423349111,
UCLA,/run/media/falconnier/Elements/BIDS_datasets_selection/UCLA/sub-60084/anat/sub-60084_T1w.nii.gz,,,,,sub-60084,,176,256,256,1.0000008,1.0,1.0,11.452141761779785,11534336,9765432,0.8466401533647017,0.0,829.0,73.89977156156533,11.0,118.35363300208422,8.0,2.0857770367017547,1.7549773417383703,1.0,2.0,349.0,445.0,2.0442995274793785,
UCLA,/run/media/falconnier/Elements/BIDS_datasets_selection/UCLA/sub-60087/anat/sub-60087_T1w.nii.gz,,,,,sub-60087,,176,256,256,1.0,1.0,1.0,11.464700698852539,11534336,9871771,0.8558594963767312,0.0,1059.0,72.40697185945663,10.0,103.97739835311324,8.0,0.9312909822977451,1.4113557465900985,1.0,2.0,298.0,369.0,1.583552443711022,
UCLA,/run/media/falconnier/Elements/BIDS_datasets_selection/UCLA/sub-60089/anat/sub-60089_T1w.nii.gz,,,,,sub-60089,,176,256,256,1.0000021,1.0,1.0,11.642889976501465,11534336,9415239,0.8162792379205878,0.0,1335.0,86.39533717625224,16.0,115.18444082711666,14.0,1.7940587421213667,1.4524623707351911,1.0,2.0,322.0,422.0,1.3581271394804768,
UCLA,/run/media/falconnier/Elements/BIDS_datasets_selection/UCLA/sub-70001/anat/sub-70001_T1w.nii.gz,,,,,sub-70001,,176,256,256,0.9999975,1.0,1.0,11.175251007080078,11534336,9705007,0.8414014469493519,0.0,867.0,71.79871688912743,9.0,119.28287670188932,7.0,2.146260206048974,1.805176407301124,1.0,1.0,363.0,443.0,1.9088748523432064,
UCLA,/run/media/falconnier/Elements/BIDS_datasets_selection/UCLA/sub-70002/anat/sub-70002_T1w.nii.gz,,,,,sub-70002,,176,256,256,0.9999992,1.0,1.0,11.096373558044434,11534336,10147360,0.8797524192116477,0.0,686.0,54.6256031125337,9.0,85.73868620631869,7.0,2.2010824271927047,1.78487085533734,1.0,1.0,257.0,326.0,2.3564342922824526,
UCLA,/run/media/falconnier/Elements/BIDS_datasets_selection/UCLA/sub-70004/anat/sub-70004_T1w.nii.gz,,,,,sub-70004,,176,256,256,1.0,1.0,1.0,11.120731353759766,11534336,9925589,0.8605253913185813,0.0,735.0,65.69301741186342,8.0,108.92951038021316,6.0,2.274739082717419,1.8067869592304842,1.0,1.0,328.0,411.0,2.1860974944530254,
UCLA,/run/media/falconnier/Elements/BIDS_datasets_selection/UCLA/sub-70007/anat/sub-70007_T1w.nii.gz,,,,,sub-70007,,176,256,256,1.0,1.0,1.0,11.562980651855469,11534336,9794173,0.849131930958141,0.0,699.0,69.58661451048496,13.0,94.6397299462724,11.0,0.7117298668261398,1.3575375391957174,1.0,2.0,278.0,338.0,2.4698732373455647,
UCLA,/run/media/falconnier/Elements/BIDS_datasets_selection/UCLA/sub-70010/anat/sub-70010_T1w.nii.gz,,,,,sub-70010,,176,256,256,1.0,1.0,1.0,11.227815628051758,11534336,9664322,0.8378741524436257,0.0,1224.0,71.47819805672866,10.0,101.69705574525575,8.0,0.9912671804820072,1.4117012776925282,1.0,1.0,292.0,360.0,1.3810371624143774,
UCLA,/run/media/falconnier/Elements/BIDS_datasets_selection/UCLA/sub-70015/anat/sub-70015_T1w.nii.gz,,,,,sub-70015,,176,256,256,1.0000011,1.0,1.0,11.134679794311523,11534336,9778750,0.8477947928688743,0.0,842.0,63.46909185734373,9.0,101.50208005265328,7.0,1.8439518719608774,1.715684870969941,1.0,1.0,304.0,377.0,1.9280495700831974,
UCLA,/run/media/falconnier/Elements/BIDS_datasets_selection/UCLA/sub-70017/anat/sub-70017_T1w.nii.gz,,,,,sub-70017,,176,256,256,0.9999962,1.0,1.0,11.21937084197998,11534336,9425811,0.8171958056363192,0.0,763.0,78.99229456223979,11.0,113.07210496821186,9.0,0.8827237275578819,1.4135944211199303,1.0,2.0,330.0,401.0,2.2703059182953287,
UCLA,/run/media/falconnier/Elements/BIDS_datasets_selection/UCLA/sub-70020/anat/sub-70020_T1w.nii.gz,,,,,sub-70020,,176,256,256,0.9999992,1.0,1.0,11.296427726745605,11534336,9636066,0.8354244232177734,0.0,866.0,74.13429069497863,11.0,107.92090853684374,9.0,1.443506488950817,1.5249783842184272,1.0,2.0,310.0,393.0,1.9724652045432927,
UCLA,/run/media/falconnier/Elements/BIDS_datasets_selection/UCLA/sub-70021/anat/sub-70021_T1w.nii.gz,,,,,sub-70021,,176,256,256,1.0,1.0,1.0,11.573694229125977,11534336,9628323,0.8347531231966886,0.0,871.0,78.8033979541401,13.0,106.45124306034367,11.0,0.7651813938432714,1.342036276741753,1.0,2.0,308.0,378.0,2.0294049767972613,
UCLA,/run/media/falconnier/Elements/BIDS_datasets_selection/UCLA/sub-70022/anat/sub-70022_T1w.nii.gz,,,,,sub-70022,,176,256,256,1.0000002,1.0,1.0,11.07192325592041,11534336,9857643,0.854634631763805,0.0,835.0,62.616913596891266,8.0,95.07348344951846,6.0,1.4114816195850795,1.5768091982300771,1.0,1.0,280.0,349.0,1.9353874955847106,
UCLA,/run/media/falconnier/Elements/BIDS_datasets_selection/UCLA/sub-70026/anat/sub-70026_T1w.nii.gz,,,,,sub-70026,,176,256,256,0.9999996,1.0,1.0,11.32460880279541,11534336,10251395,0.8887720108032227,0.0,901.0,65.08503857279912,8.0,111.95567647082459,5.0,2.403051357561524,1.8690183905585613,1.0,1.0,335.0,429.0,1.7492861337133991,
UCLA,/run/media/falconnier/Elements/BIDS_datasets_selection/UCLA/sub-70029/anat/sub-70029_T1w.nii.gz,,,,,sub-70029,,176,256,256,1.0,1.0,1.0,11.76700210571289,11534336,10424383,0.9037696664983575,0.0,1228.0,69.6557314711096,9.0,116.42961599939281,6.0,2.6513957804166175,1.86260837059838,1.0,1.0,346.0,444.0,1.3321537614999752,
UCLA,/run/media/falconnier/Elements/BIDS_datasets_selection/UCLA/sub-70033/anat/sub-70033_T1w.nii.gz,,,,,sub-70033,,176,256,256,1.0000002,1.0,1.0,10.822290420532227,11534336,9750569,0.8453515659679066,0.0,850.0,67.9531837577889,8.0,105.32632406735698,6.0,1.1415753302225875,1.5371893021438774,1.0,1.0,312.0,377.0,1.8834543058987534,
UCLA,/run/media/falconnier/Elements/BIDS_datasets_selection/UCLA/sub-70034/anat/sub-70034_T1w.nii.gz,,,,,sub-70034,,176,256,256,1.0,1.0,1.0,11.513686180114746,11534336,10211526,0.8853154615922407,0.0,968.0,74.27799351438756,8.0,119.09017335248238,6.0,1.4118298771164017,1.6184871615597352,1.0,1.0,354.0,434.0,1.677916217044904,
UCLA,/run/media/falconnier/Elements/BIDS_datasets_selection/UCLA/sub-70037/anat/sub-70037_T1w.nii.gz,,,,,sub-70037,,176,256,256,1.0,1.0,1.0,11.582140922546387,11534336,9836345,0.8527881448919122,0.0,1047.0,82.18652405949568,11.0,130.58062868286024,8.0,1.5813297212534625,1.662426487346319,1.0,2.0,392.0,477.0,1.6346369451265166,
UCLA,/run/media/falconnier/Elements/BIDS_datasets_selection/UCLA/sub-70040/anat/sub-70040_T1w.nii.gz,,,,,sub-70040,,176,256,256,1.0,1.0,1.0,11.279289245605469,11534336,10065911,0.8726909810846503,0.0,1020.0,68.72466297387291,8.0,113.97255910812707,5.0,1.9223743765694277,1.7498870573905083,1.0,1.0,340.0,427.0,1.5880591601681466,
UCLA,/run/media/falconnier/Elements/BIDS_datasets_selection/UCLA/sub-70046/anat/sub-70046_T1w.nii.gz,,,,,sub-70046,,176,256,256,0.9999977,1.0,1.0,11.378536224365234,11534336,10055578,0.8717951341108843,0.0,904.0,69.34791973171508,9.0,103.34353376120568,7.0,1.4542033803157164,1.5270898118389975,1.0,1.0,295.0,370.0,1.8080970007747643,
UCLA,/run/media/falconnier/Elements/BIDS_datasets_selection/UCLA/sub-70048/anat/sub-70048_T1w.nii.gz,,,,,sub-70048,,176,256,256,1.0,1.0,1.0,11.20923900604248,11534336,9848885,0.8538753336126154,0.0,779.0,65.93334047458164,9.0,101.31423568172595,7.0,1.5400014108626676,1.6026600236968793,1.0,1.0,295.0,370.0,2.0815589974443687,
UCLA,/run/media/falconnier/Elements/BIDS_datasets_selection/UCLA/sub-70049/anat/sub-70049_T1w.nii.gz,,,,,sub-70049,,176,256,256,0.99999815,1.0,1.0,11.412354469299316,11534336,9791197,0.8488739187067206,0.0,1073.0,82.0233323872454,10.0,127.38945254329059,7.0,1.2672153525019105,1.5639504567485314,1.0,2.0,376.0,461.0,1.5687565664818266,
UCLA,/run/media/falconnier/Elements/BIDS_datasets_selection/UCLA/sub-70051/anat/sub-70051_T1w.nii.gz,,,,,sub-70051,,176,256,256,0.99999845,1.0,1.0,11.28841495513916,11534336,9727495,0.8433511040427468,0.0,1273.0,75.0700295399792,9.0,112.51710309264445,7.0,1.5460826119954199,1.5639895291671235,1.0,1.0,325.0,415.0,1.3335504824762958,
UCLA,/run/media/falconnier/Elements/BIDS_datasets_selection/UCLA/sub-70052/anat/sub-70052_T1w.nii.gz,,,,,sub-70052,,176,256,256,0.9999965,1.0,1.0,11.377034187316895,11534336,9978151,0.8650823939930309,0.0,1020.0,66.61335111084207,9.0,107.66894770889233,6.0,1.8598351417435293,1.7241918563540781,1.0,1.0,322.0,400.0,1.6102621860226032,
UCLA,/run/media/falconnier/Elements/BIDS_datasets_selection/UCLA/sub-70055/anat/sub-70055_T1w.nii.gz,,,,,sub-70055,,176,256,256,1.0000004,1.0,1.0,11.416046142578125,11534336,9796311,0.8493172905661843,0.0,799.0,71.97502621139733,11.0,114.58395208563324,8.0,2.0865567056008576,1.7502672017405962,1.0,2.0,340.0,433.0,2.107010044805434,
UCLA,/run/media/falconnier/Elements/BIDS_datasets_selection/UCLA/sub-70057/anat/sub-70057_T1w.nii.gz,,,,,sub-70057,,176,256,256,1.000004,1.0,1.0,11.383176803588867,11534336,9863041,0.8551026257601652,0.0,727.0,72.67841186100716,10.0,103.10293183552905,8.0,0.7150472094025626,1.3690046925543415,1.0,1.0,297.0,364.0,2.312237508205736,
UCLA,/run/media/falconnier/Elements/BIDS_datasets_selection/UCLA/sub-70058/anat/sub-70058_T1w.nii.gz,,,,,sub-70058,,176,256,256,1.0000005,1.0,1.0,11.154851913452148,11534336,10057248,0.8719399192116477,0.0,719.0,63.19675501687937,8.0,103.67933001348456,5.0,1.7361747711435838,1.718063681012859,1.0,1.0,312.0,379.0,2.208611591315929,
UCLA,/run/media/falconnier/Elements/BIDS_datasets_selection/UCLA/sub-70060/anat/sub-70060_T1w.nii.gz,,,,,sub-70060,,176,256,256,1.0000064,1.0,1.0,11.39875316619873,11534336,9945343,0.8622380169955167,0.0,953.0,72.76890631122527,10.0,108.12605826502208,8.0,0.8555325084859655,1.4488509440013462,1.0,2.0,316.0,382.0,1.7476473884748212,
UCLA,/run/media/falconnier/Elements/BIDS_datasets_selection/UCLA/sub-70061/anat/sub-70061_T1w.nii.gz,,,,,sub-70061,,176,256,256,1.0,1.0,1.0,11.635821342468262,11534336,9977299,0.8650085275823419,0.0,949.0,75.34149492763522,11.0,117.5140579793916,8.0,1.6055947886319295,1.6451592438998175,1.0,2.0,348.0,430.0,1.7854468573402649,
UCLA,/run/media/falconnier/Elements/BIDS_datasets_selection/UCLA/sub-70065/anat/sub-70065_T1w.nii.gz,,,,,sub-70065,,176,256,256,0.99999845,1.0,1.0,11.531431198120117,11534336,9612868,0.8334132107821378,0.0,909.0,77.95159779578789,13.0,106.25930727645991,10.0,0.5580255679502417,1.3129956808004726,1.0,2.0,305.0,380.0,1.9200992563421218,
UCLA,/run/media/falconnier/Elements/BIDS_datasets_selection/UCLA/sub-70068/anat/sub-70068_T1w.nii.gz,,,,,sub-70068,,176,256,256,0.99999744,1.0,1.0,11.41402816772461,11534336,9736366,0.8441201990300958,0.0,780.0,69.54499574071065,11.0,102.26359127138495,8.0,1.2185031245737585,1.5234427602900589,1.0,2.0,300.0,372.0,2.163564868435344,
UCLA,/run/media/falconnier/Elements/BIDS_datasets_selection/UCLA/sub-70069/anat/sub-70069_T1w.nii.gz,,,,,sub-70069,,176,256,256,1.0,1.0,1.0,11.66889762878418,11534336,9648579,0.8365092711015181,0.0,980.0,82.29733746285333,12.0,115.69690578715995,10.0,0.8318949450293727,1.3877308240039512,1.0,2.0,330.0,413.0,1.7973204023577507,
UCLA,/run/media/falconnier/Elements/BIDS_datasets_selection/UCLA/sub-70070/anat/sub-70070_T1w.nii.gz,,,,,sub-70070,,176,256,256,1.0000013,1.0,1.0,11.161744117736816,11534336,9635285,0.8353567123413086,0.0,717.0,66.37175278157315,10.0,93.88839431302179,8.0,0.8573040103217529,1.4057049047799242,1.0,1.0,270.0,336.0,2.3384749086951038,
UCLA,/run/media/falconnier/Elements/BIDS_datasets_selection/UCLA/sub-70072/anat/sub-70072_T1w.nii.gz,,,,,sub-70072,,176,256,256,1.0000048,1.0,1.0,10.21518325805664,11534336,9675046,0.8388038982044567,0.0,740.0,50.20221288870358,6.0,75.78484869952862,5.0,5.2597826732988615,2.0070653720871636,1.0,1.0,198.0,305.0,2.0814432884024527,
UCLA,/run/media/falconnier/Elements/BIDS_datasets_selection/UCLA/sub-70073/anat/sub-70073_T1w.nii.gz,,,,,sub-70073,,176,256,256,1.0000037,1.0,1.0,11.34207534790039,11534336,9961628,0.8636498884721235,0.0,845.0,72.27890330777258,9.0,104.19953426721514,7.0,1.3313272465744195,1.468642962097911,1.0,1.0,294.0,377.0,1.96464919224189,
UCLA,/run/media/falconnier/Elements/BIDS_datasets_selection/UCLA/sub-70074/anat/sub-70074_T1w.nii.gz,,,,,sub-70074,,176,256,256,0.9999975,1.0,1.0,11.511994361877441,11534336,9404313,0.8153319792314009,0.0,889.0,88.07474453476824,14.0,116.56800898730917,12.0,0.23784234717492359,1.2021031690968202,1.0,2.0,331.0,400.0,2.008008092650739,
UCLA,/run/media/falconnier/Elements/BIDS_datasets_selection/UCLA/sub-70075/anat/sub-70075_T1w.nii.gz,,,,,sub-70075,,176,256,256,1.0000005,1.0,1.0,11.643189430236816,11534336,9986931,0.8658435994928534,0.0,788.0,74.46916745494687,10.0,101.05970921139901,8.0,1.2097269331763147,1.3708159639220965,1.0,1.0,280.0,366.0,2.1475113223431213,
UCLA,/run/media/falconnier/Elements/BIDS_datasets_selection/UCLA/sub-70076/anat/sub-70076_T1w.nii.gz,,,,,sub-70076,,176,256,256,0.9999977,1.0,1.0,11.663579940795898,11534336,9759766,0.8461489243940874,0.0,1011.0,77.79813788568292,11.0,123.1446066672534,8.0,1.7931711104586414,1.6973775836454104,1.0,2.0,365.0,455.0,1.70284051241494,
UCLA,/run/media/falconnier/Elements/BIDS_datasets_selection/UCLA/sub-70077/anat/sub-70077_T1w.nii.gz,,,,,sub-70077,,176,256,256,0.9999984,1.0,1.0,11.097006797790527,11534336,9735972,0.8440860401500355,0.0,926.0,72.3358276913697,9.0,121.11390860863146,6.0,2.0045239911994157,1.7717997764668951,1.0,2.0,360.0,450.0,1.75730710393614,
UCLA,/run/media/falconnier/Elements/BIDS_datasets_selection/UCLA/sub-70079/anat/sub-70079_T1w.nii.gz,,,,,sub-70079,,176,256,256,1.0000037,1.0,1.0,11.066058158874512,11534336,9661830,0.8376581018621271,0.0,705.0,63.37326769359428,9.0,89.04217163448325,7.0,1.2938275511668484,1.4607879073319,1.0,1.0,254.0,327.0,2.352761039459058,
UCLA,/run/media/falconnier/Elements/BIDS_datasets_selection/UCLA/sub-70080/anat/sub-70080_T1w.nii.gz,,,,,sub-70080,,176,256,256,0.99999684,1.0,1.0,10.898528099060059,11534336,9705763,0.8414669903841886,0.0,739.0,58.53631703143792,8.0,97.17025991673167,5.0,2.6219406460048136,1.8653781834684482,1.0,1.0,286.0,367.0,2.155864264212406,
UCLA,/run/media/falconnier/Elements/BIDS_datasets_selection/UCLA/sub-70081/anat/sub-70081_T1w.nii.gz,,,,,sub-70081,,176,256,256,1.0000005,1.0,1.0,11.510164260864258,11534336,9780524,0.847948594526811,0.0,783.0,71.86816503901018,10.0,105.40394789091765,8.0,1.602365436359202,1.560103384739877,1.0,2.0,302.0,397.0,2.151827237108426,
UCLA,/run/media/falconnier/Elements/BIDS_datasets_selection/UCLA/sub-70083/anat/sub-70083_T1w.nii.gz,,,,,sub-70083,,176,256,256,1.0,1.0,1.0,11.192675590515137,11534336,9689024,0.8400157581676136,0.0,890.0,67.24881195464063,9.0,101.39702915643456,7.0,1.9648027021679537,1.6439629841645804,1.0,1.0,291.0,379.0,1.8705365357917998,
UCLA,/run/media/falconnier/Elements/BIDS_datasets_selection/UCLA/sub-70086/anat/sub-70086_T1w.nii.gz,,,,,sub-70086,,176,256,256,0.99999976,1.0,1.0,11.80807113647461,11534336,9944527,0.8621672717007723,0.0,986.0,77.5735593055356,12.0,115.8295500778476,9.0,1.357779486152153,1.5626362253818311,1.0,2.0,342.0,424.0,1.7573795554846,
