path,subject,session,metric,value,group,z_sigma,iqr,mad,percentile,threshold_rule
/run/media/falconnier/Elements1/BIDS_datasets_selection/Neurocognitive_aging_data/sub-129/ses-1/anat/sub-129_ses-1_T1w.nii.gz,sub-129,ses-1,file_size_mb,7.260672569274902,"('Neurocognitive_aging_data', np.float64(nan), np.float64(nan))",False,False,False,True,False
/run/media/falconnier/Elements1/BIDS_datasets_selection/Neurocognitive_aging_data/sub-134/ses-1/anat/sub-134_ses-1_T1w.nii.gz,sub-134,ses-1,file_size_mb,6.151091575622559,"('Neurocognitive_aging_data', np.float64(nan), np.float64(nan))",False,False,False,True,False
/run/media/falconnier/Elements1/BIDS_datasets_selection/Neurocognitive_aging_data/sub-245/ses-1/anat/sub-245_ses-1_T1w.nii.gz,sub-245,ses-1,file_size_mb,6.9625396728515625,"('Neurocognitive_aging_data', np.float64(nan), np.float64(nan))",False,False,False,True,False
/run/media/falconnier/Elements1/BIDS_datasets_selection/Neurocognitive_aging_data/sub-50/ses-1/anat/sub-50_ses-1_T1w.nii.gz,sub-50,ses-1,file_size_mb,10.736712455749512,"('Neurocognitive_aging_data', np.float64(nan), np.float64(nan))",False,False,False,True,False
/run/media/falconnier/Elements1/BIDS_datasets_selection/Neurocognitive_aging_data/sub-62/ses-1/anat/sub-62_ses-1_T1w.nii.gz,sub-62,ses-1,file_size_mb,10.814535140991213,"('Neurocognitive_aging_data', np.float64(nan), np.float64(nan))",False,False,False,True,False
/run/media/falconnier/Elements1/BIDS_datasets_selection/Neurocognitive_aging_data/sub-79/ses-1/anat/sub-79_ses-1_T1w.nii.gz,sub-79,ses-1,file_size_mb,10.242103576660156,"('Neurocognitive_aging_data', np.float64(nan), np.float64(nan))",False,False,False,True,False
/run/media/falconnier/Elements1/BIDS_datasets_selection/Neurocognitive_aging_data/sub-04/ses-1/anat/sub-04_ses-1_T1w.nii.gz,sub-04,ses-1,max,10879.0,"('Neurocognitive_aging_data', np.float64(nan), np.float64(nan))",False,False,False,True,False
/run/media/falconnier/Elements1/BIDS_datasets_selection/Neurocognitive_aging_data/sub-190/ses-1/anat/sub-190_ses-1_T1w.nii.gz,sub-190,ses-1,max,11069.0,"('Neurocognitive_aging_data', np.float64(nan), np.float64(nan))",False,False,False,True,False
/run/media/falconnier/Elements1/BIDS_datasets_selection/Neurocognitive_aging_data/sub-258/ses-1/anat/sub-258_ses-1_T1w.nii.gz,sub-258,ses-1,max,696.0,"('Neurocognitive_aging_data', np.float64(nan), np.float64(nan))",False,False,False,True,False
/run/media/falconnier/Elements1/BIDS_datasets_selection/Neurocognitive_aging_data/sub-262/ses-1/anat/sub-262_ses-1_T1w.nii.gz,sub-262,ses-1,max,642.0,"('Neurocognitive_aging_data', np.float64(nan), np.float64(nan))",False,False,True,True,False
/run/media/falconnier/Elements1/BIDS_datasets_selection/Neurocognitive_aging_data/sub-301/ses-1/anat/sub-301_ses-1_T1w.nii.gz,sub-301,ses-1,max,779.0,"('Neurocognitive_aging_data', np.float64(nan), np.float64(nan))",False,False,False,True,False
/run/media/falconnier/Elements1/BIDS_datasets_selection/Neurocognitive_aging_data/sub-65/ses-1/anat/sub-65_ses-1_T1w.nii.gz,sub-65,ses-1,max,10347.0,"('Neurocognitive_aging_data', np.float64(nan), np.float64(nan))",False,False,False,True,False
/run/media/falconnier/Elements1/BIDS_datasets_selection/Neurocognitive_aging_data/sub-134/ses-1/anat/sub-134_ses-1_T1w.nii.gz,sub-134,ses-1,median,615.0,"('Neurocognitive_aging_data', np.float64(nan), np.float64(nan))",False,False,False,True,False
/run/media/falconnier/Elements1/BIDS_datasets_selection/Neurocognitive_aging_data/sub-26/ses-1/anat/sub-26_ses-1_T1w.nii.gz,sub-26,ses-1,median,399.0,"('Neurocognitive_aging_data', np.float64(nan), np.float64(nan))",False,False,False,True,False
/run/media/falconnier/Elements1/BIDS_datasets_selection/Neurocognitive_aging_data/sub-33/ses-1/anat/sub-33_ses-1_T1w.nii.gz,sub-33,ses-1,median,457.0,"('Neurocognitive_aging_data', np.float64(nan), np.float64(nan))",False,False,False,True,False
/run/media/falconnier/Elements1/BIDS_datasets_selection/Neurocognitive_aging_data/sub-126/ses-1/anat/sub-126_ses-1_T1w.nii.gz,sub-126,ses-1,mean,725.3417090319682,"('Neurocognitive_aging_data', np.float64(nan), np.float64(nan))",False,False,False,True,False
/run/media/falconnier/Elements1/BIDS_datasets_selection/Neurocognitive_aging_data/sub-211/ses-1/anat/sub-211_ses-1_T1w.nii.gz,sub-211,ses-1,mean,723.9012464761468,"('Neurocognitive_aging_data', np.float64(nan), np.float64(nan))",False,False,False,True,False
/run/media/falconnier/Elements1/BIDS_datasets_selection/Neurocognitive_aging_data/sub-217/ses-1/anat/sub-217_ses-1_T1w.nii.gz,sub-217,ses-1,mean,731.9034764777658,"('Neurocognitive_aging_data', np.float64(nan), np.float64(nan))",False,False,False,True,False
/run/media/falconnier/Elements1/BIDS_datasets_selection/Neurocognitive_aging_data/sub-239/ses-1/anat/sub-239_ses-1_T1w.nii.gz,sub-239,ses-1,mean,103.378662956548,"('Neurocognitive_aging_data', np.float64(nan), np.float64(nan))",False,True,True,False,False
/run/media/falconnier/Elements1/BIDS_datasets_selection/Neurocognitive_aging_data/sub-240/ses-1/anat/sub-240_ses-1_T1w.nii.gz,sub-240,ses-1,mean,105.92468700702082,"('Neurocognitive_aging_data', np.float64(nan), np.float64(nan))",False,True,True,False,False
/run/media/falconnier/Elements1/BIDS_datasets_selection/Neurocognitive_aging_data/sub-241/ses-1/anat/sub-241_ses-1_T1w.nii.gz,sub-241,ses-1,mean,107.65099311955817,"('Neurocognitive_aging_data', np.float64(nan), np.float64(nan))",False,True,True,False,False
/run/media/falconnier/Elements1/BIDS_datasets_selection/Neurocognitive_aging_data/sub-242/ses-1/anat/sub-242_ses-1_T1w.nii.gz,sub-242,ses-1,mean,112.96000295120172,"('Neurocognitive_aging_data', np.float64(nan), np.float64(nan))",False,True,True,False,False
/run/media/falconnier/Elements1/BIDS_datasets_selection/Neurocognitive_aging_data/sub-247/ses-1/anat/sub-247_ses-1_T1w.nii.gz,sub-247,ses-1,mean,107.35158941254667,"('Neurocognitive_aging_data', np.float64(nan), np.float64(nan))",False,True,True,False,False
/run/media/falconnier/Elements1/BIDS_datasets_selection/Neurocognitive_aging_data/sub-244/ses-1/anat/sub-244_ses-1_T1w.nii.gz,sub-244,ses-1,mean,94.67847792101138,"('Neurocognitive_aging_data', np.float64(nan), np.float64(nan))",False,True,True,False,False
/run/media/falconnier/Elements1/BIDS_datasets_selection/Neurocognitive_aging_data/sub-243/ses-1/anat/sub-243_ses-1_T1w.nii.gz,sub-243,ses-1,mean,88.87407760703337,"('Neurocognitive_aging_data', np.float64(nan), np.float64(nan))",False,True,True,False,False
/run/media/falconnier/Elements1/BIDS_datasets_selection/Neurocognitive_aging_data/sub-245/ses-1/anat/sub-245_ses-1_T1w.nii.gz,sub-245,ses-1,mean,65.5018212641298,"('Neurocognitive_aging_data', np.float64(nan), np.float64(nan))",False,True,True,True,False
/run/media/falconnier/Elements1/BIDS_datasets_selection/Neurocognitive_aging_data/sub-248/ses-1/anat/sub-248_ses-1_T1w.nii.gz,sub-248,ses-1,mean,76.25016403801092,"('Neurocognitive_aging_data', np.float64(nan), np.float64(nan))",False,True,True,False,False
/run/media/falconnier/Elements1/BIDS_datasets_selection/Neurocognitive_aging_data/sub-246/ses-1/anat/sub-246_ses-1_T1w.nii.gz,sub-246,ses-1,mean,80.5576013783688,"('Neurocognitive_aging_data', np.float64(nan), np.float64(nan))",False,True,True,False,False
/run/media/falconnier/Elements1/BIDS_datasets_selection/Neurocognitive_aging_data/sub-249/ses-1/anat/sub-249_ses-1_T1w.nii.gz,sub-249,ses-1,mean,83.14473625673222,"('Neurocognitive_aging_data', np.float64(nan), np.float64(nan))",False,True,True,False,False
/run/media/falconnier/Elements1/BIDS_datasets_selection/Neurocognitive_aging_data/sub-251/ses-1/anat/sub-251_ses-1_T1w.nii.gz,sub-251,ses-1,mean,77.47022413097065,"('Neurocognitive_aging_data', np.float64(nan), np.float64(nan))",False,True,True,False,False
/run/media/falconnier/Elements1/BIDS_datasets_selection/Neurocognitive_aging_data/sub-250/ses-1/anat/sub-250_ses-1_T1w.nii.gz,sub-250,ses-1,mean,83.87072870520376,"('Neurocognitive_aging_data', np.float64(nan), np.float64(nan))",False,True,True,False,False
/run/media/falconnier/Elements1/BIDS_datasets_selection/Neurocognitive_aging_data/sub-252/ses-1/anat/sub-252_ses-1_T1w.nii.gz,sub-252,ses-1,mean,106.65617352795006,"('Neurocognitive_aging_data', np.float64(nan), np.float64(nan))",False,True,True,False,False
/run/media/falconnier/Elements1/BIDS_datasets_selection/Neurocognitive_aging_data/sub-253/ses-1/anat/sub-253_ses-1_T1w.nii.gz,sub-253,ses-1,mean,83.01391890151793,"('Neurocognitive_aging_data', np.float64(nan), np.float64(nan))",False,True,True,False,False
/run/media/falconnier/Elements1/BIDS_datasets_selection/Neurocognitive_aging_data/sub-256/ses-1/anat/sub-256_ses-1_T1w.nii.gz,sub-256,ses-1,mean,90.43989121097444,"('Neurocognitive_aging_data', np.float64(nan), np.float64(nan))",False,True,True,False,False
/run/media/falconnier/Elements1/BIDS_datasets_selection/Neurocognitive_aging_data/sub-254/ses-1/anat/sub-254_ses-1_T1w.nii.gz,sub-254,ses-1,mean,82.44929692011333,"('Neurocognitive_aging_data', np.float64(nan), np.float64(nan))",False,True,True,False,False
/run/media/falconnier/Elements1/BIDS_datasets_selection/Neurocognitive_aging_data/sub-255/ses-1/anat/sub-255_ses-1_T1w.nii.gz,sub-255,ses-1,mean,78.11520294832967,"('Neurocognitive_aging_data', np.float64(nan), np.float64(nan))",False,True,True,False,False
/run/media/falconnier/Elements1/BIDS_datasets_selection/Neurocognitive_aging_data/sub-257/ses-1/anat/sub-257_ses-1_T1w.nii.gz,sub-257,ses-1,mean,96.68251363175244,"('Neurocognitive_aging_data', np.float64(nan), np.float64(nan))",False,True,True,False,False
/run/media/falconnier/Elements1/BIDS_datasets_selection/Neurocognitive_aging_data/sub-258/ses-1/anat/sub-258_ses-1_T1w.nii.gz,sub-258,ses-1,mean,70.41764253073548,"('Neurocognitive_aging_data', np.float64(nan), np.float64(nan))",False,True,True,True,False
/run/media/falconnier/Elements1/BIDS_datasets_selection/Neurocognitive_aging_data/sub-259/ses-1/anat/sub-259_ses-1_T1w.nii.gz,sub-259,ses-1,mean,80.54302900020076,"('Neurocognitive_aging_data', np.float64(nan), np.float64(nan))",False,True,True,False,False
/run/media/falconnier/Elements1/BIDS_datasets_selection/Neurocognitive_aging_data/sub-263/ses-1/anat/sub-263_ses-1_T1w.nii.gz,sub-263,ses-1,mean,76.38873611919564,"('Neurocognitive_aging_data', np.float64(nan), np.float64(nan))",False,True,True,False,False
/run/media/falconnier/Elements1/BIDS_datasets_selection/Neurocognitive_aging_data/sub-261/ses-1/anat/sub-261_ses-1_T1w.nii.gz,sub-261,ses-1,mean,91.8099174081621,"('Neurocognitive_aging_data', np.float64(nan), np.float64(nan))",False,True,True,False,False
/run/media/falconnier/Elements1/BIDS_datasets_selection/Neurocognitive_aging_data/sub-262/ses-1/anat/sub-262_ses-1_T1w.nii.gz,sub-262,ses-1,mean,71.69549473521676,"('Neurocognitive_aging_data', np.float64(nan), np.float64(nan))",False,True,True,True,False
/run/media/falconnier/Elements1/BIDS_datasets_selection/Neurocognitive_aging_data/sub-260/ses-1/anat/sub-260_ses-1_T1w.nii.gz,sub-260,ses-1,mean,90.11168531310103,"('Neurocognitive_aging_data', np.float64(nan), np.float64(nan))",False,True,True,False,False
/run/media/falconnier/Elements1/BIDS_datasets_selection/Neurocognitive_aging_data/sub-264/ses-1/anat/sub-264_ses-1_T1w.nii.gz,sub-264,ses-1,mean,110.2338025191901,"('Neurocognitive_aging_data', np.float64(nan), np.float64(nan))",False,True,True,False,False
/run/media/falconnier/Elements1/BIDS_datasets_selection/Neurocognitive_aging_data/sub-265/ses-1/anat/sub-265_ses-1_T1w.nii.gz,sub-265,ses-1,mean,83.77637435526542,"('Neurocognitive_aging_data', np.float64(nan), np.float64(nan))",False,True,True,False,False
/run/media/falconnier/Elements1/BIDS_datasets_selection/Neurocognitive_aging_data/sub-266/ses-1/anat/sub-266_ses-1_T1w.nii.gz,sub-266,ses-1,mean,91.8181380817998,"('Neurocognitive_aging_data', np.float64(nan), np.float64(nan))",False,True,True,False,False
/run/media/falconnier/Elements1/BIDS_datasets_selection/Neurocognitive_aging_data/sub-267/ses-1/anat/sub-267_ses-1_T1w.nii.gz,sub-267,ses-1,mean,99.5845155188077,"('Neurocognitive_aging_data', np.float64(nan), np.float64(nan))",False,True,True,False,False
/run/media/falconnier/Elements1/BIDS_datasets_selection/Neurocognitive_aging_data/sub-268/ses-1/anat/sub-268_ses-1_T1w.nii.gz,sub-268,ses-1,mean,97.21248701416371,"('Neurocognitive_aging_data', np.float64(nan), np.float64(nan))",False,True,True,False,False
/run/media/falconnier/Elements1/BIDS_datasets_selection/Neurocognitive_aging_data/sub-269/ses-1/anat/sub-269_ses-1_T1w.nii.gz,sub-269,ses-1,mean,85.01922217092233,"('Neurocognitive_aging_data', np.float64(nan), np.float64(nan))",False,True,True,False,False
/run/media/falconnier/Elements1/BIDS_datasets_selection/Neurocognitive_aging_data/sub-270/ses-1/anat/sub-270_ses-1_T1w.nii.gz,sub-270,ses-1,mean,92.8690684104617,"('Neurocognitive_aging_data', np.float64(nan), np.float64(nan))",False,True,True,False,False
/run/media/falconnier/Elements1/BIDS_datasets_selection/Neurocognitive_aging_data/sub-272/ses-1/anat/sub-272_ses-1_T1w.nii.gz,sub-272,ses-1,mean,93.15028101986849,"('Neurocognitive_aging_data', np.float64(nan), np.float64(nan))",False,True,True,False,False
/run/media/falconnier/Elements1/BIDS_datasets_selection/Neurocognitive_aging_data/sub-275/ses-1/anat/sub-275_ses-1_T1w.nii.gz,sub-275,ses-1,mean,81.91900800594034,"('Neurocognitive_aging_data', np.float64(nan), np.float64(nan))",False,True,True,False,False
/run/media/falconnier/Elements1/BIDS_datasets_selection/Neurocognitive_aging_data/sub-271/ses-1/anat/sub-271_ses-1_T1w.nii.gz,sub-271,ses-1,mean,94.4032386500274,"('Neurocognitive_aging_data', np.float64(nan), np.float64(nan))",False,True,True,False,False
/run/media/falconnier/Elements1/BIDS_datasets_selection/Neurocognitive_aging_data/sub-273/ses-1/anat/sub-273_ses-1_T1w.nii.gz,sub-273,ses-1,mean,100.37207700247566,"('Neurocognitive_aging_data', np.float64(nan), np.float64(nan))",False,True,True,False,False
/run/media/falconnier/Elements1/BIDS_datasets_selection/Neurocognitive_aging_data/sub-274/ses-1/anat/sub-274_ses-1_T1w.nii.gz,sub-274,ses-1,mean,100.80036261197814,"('Neurocognitive_aging_data', np.float64(nan), np.float64(nan))",False,True,True,False,False
/run/media/falconnier/Elements1/BIDS_datasets_selection/Neurocognitive_aging_data/sub-276/ses-1/anat/sub-276_ses-1_T1w.nii.gz,sub-276,ses-1,mean,81.05653068488941,"('Neurocognitive_aging_data', np.float64(nan), np.float64(nan))",False,True,True,False,False
/run/media/falconnier/Elements1/BIDS_datasets_selection/Neurocognitive_aging_data/sub-277/ses-1/anat/sub-277_ses-1_T1w.nii.gz,sub-277,ses-1,mean,88.90636781695308,"('Neurocognitive_aging_data', np.float64(nan), np.float64(nan))",False,True,True,False,False
/run/media/falconnier/Elements1/BIDS_datasets_selection/Neurocognitive_aging_data/sub-278/ses-1/anat/sub-278_ses-1_T1w.nii.gz,sub-278,ses-1,mean,112.81788693296232,"('Neurocognitive_aging_data', np.float64(nan), np.float64(nan))",False,True,True,False,False
/run/media/falconnier/Elements1/BIDS_datasets_selection/Neurocognitive_aging_data/sub-279/ses-1/anat/sub-279_ses-1_T1w.nii.gz,sub-279,ses-1,mean,92.1649396208018,"('Neurocognitive_aging_data', np.float64(nan), np.float64(nan))",False,True,True,False,False
/run/media/falconnier/Elements1/BIDS_datasets_selection/Neurocognitive_aging_data/sub-281/ses-1/anat/sub-281_ses-1_T1w.nii.gz,sub-281,ses-1,mean,73.25043504525743,"('Neurocognitive_aging_data', np.float64(nan), np.float64(nan))",False,True,True,False,False
/run/media/falconnier/Elements1/BIDS_datasets_selection/Neurocognitive_aging_data/sub-282/ses-1/anat/sub-282_ses-1_T1w.nii.gz,sub-282,ses-1,mean,98.92114522958563,"('Neurocognitive_aging_data', np.float64(nan), np.float64(nan))",False,True,True,False,False
/run/media/falconnier/Elements1/BIDS_datasets_selection/Neurocognitive_aging_data/sub-280/ses-1/anat/sub-280_ses-1_T1w.nii.gz,sub-280,ses-1,mean,77.29860027198526,"('Neurocognitive_aging_data', np.float64(nan), np.float64(nan))",False,True,True,False,False
/run/media/falconnier/Elements1/BIDS_datasets_selection/Neurocognitive_aging_data/sub-284/ses-1/anat/sub-284_ses-1_T1w.nii.gz,sub-284,ses-1,mean,92.0568963043259,"('Neurocognitive_aging_data', np.float64(nan), np.float64(nan))",False,True,True,False,False
/run/media/falconnier/Elements1/BIDS_datasets_selection/Neurocognitive_aging_data/sub-283/ses-1/anat/sub-283_ses-1_T1w.nii.gz,sub-283,ses-1,mean,120.90729597551255,"('Neurocognitive_aging_data', np.float64(nan), np.float64(nan))",False,True,True,False,False
/run/media/falconnier/Elements1/BIDS_datasets_selection/Neurocognitive_aging_data/sub-285/ses-1/anat/sub-285_ses-1_T1w.nii.gz,sub-285,ses-1,mean,131.24103700566738,"('Neurocognitive_aging_data', np.float64(nan), np.float64(nan))",False,True,True,False,False
/run/media/falconnier/Elements1/BIDS_datasets_selection/Neurocognitive_aging_data/sub-286/ses-1/anat/sub-286_ses-1_T1w.nii.gz,sub-286,ses-1,mean,105.2685756411342,"('Neurocognitive_aging_data', np.float64(nan), np.float64(nan))",False,True,True,False,False
/run/media/falconnier/Elements1/BIDS_datasets_selection/Neurocognitive_aging_data/sub-288/ses-1/anat/sub-288_ses-1_T1w.nii.gz,sub-288,ses-1,mean,86.80435144280985,"('Neurocognitive_aging_data', np.float64(nan), np.float64(nan))",False,True,True,False,False
/run/media/falconnier/Elements1/BIDS_datasets_selection/Neurocognitive_aging_data/sub-287/ses-1/anat/sub-287_ses-1_T1w.nii.gz,sub-287,ses-1,mean,104.14714491639482,"('Neurocognitive_aging_data', np.float64(nan), np.float64(nan))",False,True,True,False,False
/run/media/falconnier/Elements1/BIDS_datasets_selection/Neurocognitive_aging_data/sub-289/ses-1/anat/sub-289_ses-1_T1w.nii.gz,sub-289,ses-1,mean,80.9615083959782,"('Neurocognitive_aging_data', np.float64(nan), np.float64(nan))",False,True,True,False,False
/run/media/falconnier/Elements1/BIDS_datasets_selection/Neurocognitive_aging_data/sub-291/ses-1/anat/sub-291_ses-1_T1w.nii.gz,sub-291,ses-1,mean,91.66030524161536,"('Neurocognitive_aging_data', np.float64(nan), np.float64(nan))",False,True,True,False,False
/run/media/falconnier/Elements1/BIDS_datasets_selection/Neurocognitive_aging_data/sub-290/ses-1/anat/sub-290_ses-1_T1w.nii.gz,sub-290,ses-1,mean,109.38562166666703,"('Neurocognitive_aging_data', np.float64(nan), np.float64(nan))",False,True,True,False,False
/run/media/falconnier/Elements1/BIDS_datasets_selection/Neurocognitive_aging_data/sub-293/ses-1/anat/sub-293_ses-1_T1w.nii.gz,sub-293,ses-1,mean,75.98539322366736,"('Neurocognitive_aging_data', np.float64(nan), np.float64(nan))",False,True,True,False,False
/run/media/falconnier/Elements1/BIDS_datasets_selection/Neurocognitive_aging_data/sub-292/ses-1/anat/sub-292_ses-1_T1w.nii.gz,sub-292,ses-1,mean,85.29898257182369,"('Neurocognitive_aging_data', np.float64(nan), np.float64(nan))",False,True,True,False,False
/run/media/falconnier/Elements1/BIDS_datasets_selection/Neurocognitive_aging_data/sub-294/ses-1/anat/sub-294_ses-1_T1w.nii.gz,sub-294,ses-1,mean,97.74004038906654,"('Neurocognitive_aging_data', np.float64(nan), np.float64(nan))",False,True,True,False,False
/run/media/falconnier/Elements1/BIDS_datasets_selection/Neurocognitive_aging_data/sub-296/ses-1/anat/sub-296_ses-1_T1w.nii.gz,sub-296,ses-1,mean,93.4719278937658,"('Neurocognitive_aging_data', np.float64(nan), np.float64(nan))",False,True,True,False,False
/run/media/falconnier/Elements1/BIDS_datasets_selection/Neurocognitive_aging_data/sub-297/ses-1/anat/sub-297_ses-1_T1w.nii.gz,sub-297,ses-1,mean,96.9997700638961,"('Neurocognitive_aging_data', np.float64(nan), np.float64(nan))",False,True,True,False,False
/run/media/falconnier/Elements1/BIDS_datasets_selection/Neurocognitive_aging_data/sub-298/ses-1/anat/sub-298_ses-1_T1w.nii.gz,sub-298,ses-1,mean,98.62906334379296,"('Neurocognitive_aging_data', np.float64(nan), np.float64(nan))",False,True,True,False,False
/run/media/falconnier/Elements1/BIDS_datasets_selection/Neurocognitive_aging_data/sub-299/ses-1/anat/sub-299_ses-1_T1w.nii.gz,sub-299,ses-1,mean,116.7849309089656,"('Neurocognitive_aging_data', np.float64(nan), np.float64(nan))",False,True,True,False,False
/run/media/falconnier/Elements1/BIDS_datasets_selection/Neurocognitive_aging_data/sub-295/ses-1/anat/sub-295_ses-1_T1w.nii.gz,sub-295,ses-1,mean,93.79938314076804,"('Neurocognitive_aging_data', np.float64(nan), np.float64(nan))",False,True,True,False,False
/run/media/falconnier/Elements1/BIDS_datasets_selection/Neurocognitive_aging_data/sub-300/ses-1/anat/sub-300_ses-1_T1w.nii.gz,sub-300,ses-1,mean,83.65640025073098,"('Neurocognitive_aging_data', np.float64(nan), np.float64(nan))",False,True,True,False,False
/run/media/falconnier/Elements1/BIDS_datasets_selection/Neurocognitive_aging_data/sub-301/ses-1/anat/sub-301_ses-1_T1w.nii.gz,sub-301,ses-1,mean,81.38584303328744,"('Neurocognitive_aging_data', np.float64(nan), np.float64(nan))",False,True,True,False,False
/run/media/falconnier/Elements1/BIDS_datasets_selection/Neurocognitive_aging_data/sub-04/ses-1/anat/sub-04_ses-1_T1w.nii.gz,sub-04,ses-1,std,951.2512417398676,"('Neurocognitive_aging_data', np.float64(nan), np.float64(nan))",False,False,False,True,False
/run/media/falconnier/Elements1/BIDS_datasets_selection/Neurocognitive_aging_data/sub-126/ses-1/anat/sub-126_ses-1_T1w.nii.gz,sub-126,ses-1,std,972.7471470998926,"('Neurocognitive_aging_data', np.float64(nan), np.float64(nan))",False,False,False,True,False
/run/media/falconnier/Elements1/BIDS_datasets_selection/Neurocognitive_aging_data/sub-134/ses-1/anat/sub-134_ses-1_T1w.nii.gz,sub-134,ses-1,std,462.1762510718932,"('Neurocognitive_aging_data', np.float64(nan), np.float64(nan))",False,True,True,False,False
/run/media/falconnier/Elements1/BIDS_datasets_selection/Neurocognitive_aging_data/sub-239/ses-1/anat/sub-239_ses-1_T1w.nii.gz,sub-239,ses-1,std,148.00229924011285,"('Neurocognitive_aging_data', np.float64(nan), np.float64(nan))",False,True,True,False,False
/run/media/falconnier/Elements1/BIDS_datasets_selection/Neurocognitive_aging_data/sub-240/ses-1/anat/sub-240_ses-1_T1w.nii.gz,sub-240,ses-1,std,141.02521045391404,"('Neurocognitive_aging_data', np.float64(nan), np.float64(nan))",False,True,True,False,False
/run/media/falconnier/Elements1/BIDS_datasets_selection/Neurocognitive_aging_data/sub-241/ses-1/anat/sub-241_ses-1_T1w.nii.gz,sub-241,ses-1,std,160.5865283973264,"('Neurocognitive_aging_data', np.float64(nan), np.float64(nan))",False,True,True,False,False
/run/media/falconnier/Elements1/BIDS_datasets_selection/Neurocognitive_aging_data/sub-242/ses-1/anat/sub-242_ses-1_T1w.nii.gz,sub-242,ses-1,std,142.4402300830585,"('Neurocognitive_aging_data', np.float64(nan), np.float64(nan))",False,True,True,False,False
/run/media/falconnier/Elements1/BIDS_datasets_selection/Neurocognitive_aging_data/sub-247/ses-1/anat/sub-247_ses-1_T1w.nii.gz,sub-247,ses-1,std,161.23025154805828,"('Neurocognitive_aging_data', np.float64(nan), np.float64(nan))",False,True,True,False,False
/run/media/falconnier/Elements1/BIDS_datasets_selection/Neurocognitive_aging_data/sub-244/ses-1/anat/sub-244_ses-1_T1w.nii.gz,sub-244,ses-1,std,122.90898558577813,"('Neurocognitive_aging_data', np.float64(nan), np.float64(nan))",False,True,True,False,False
/run/media/falconnier/Elements1/BIDS_datasets_selection/Neurocognitive_aging_data/sub-243/ses-1/anat/sub-243_ses-1_T1w.nii.gz,sub-243,ses-1,std,115.21507075109623,"('Neurocognitive_aging_data', np.float64(nan), np.float64(nan))",False,True,True,False,False
/run/media/falconnier/Elements1/BIDS_datasets_selection/Neurocognitive_aging_data/sub-245/ses-1/anat/sub-245_ses-1_T1w.nii.gz,sub-245,ses-1,std,91.86421332923577,"('Neurocognitive_aging_data', np.float64(nan), np.float64(nan))",False,True,True,True,False
/run/media/falconnier/Elements1/BIDS_datasets_selection/Neurocognitive_aging_data/sub-248/ses-1/anat/sub-248_ses-1_T1w.nii.gz,sub-248,ses-1,std,113.63271912648248,"('Neurocognitive_aging_data', np.float64(nan), np.float64(nan))",False,True,True,False,False
/run/media/falconnier/Elements1/BIDS_datasets_selection/Neurocognitive_aging_data/sub-246/ses-1/anat/sub-246_ses-1_T1w.nii.gz,sub-246,ses-1,std,111.31064146936929,"('Neurocognitive_aging_data', np.float64(nan), np.float64(nan))",False,True,True,False,False
/run/media/falconnier/Elements1/BIDS_datasets_selection/Neurocognitive_aging_data/sub-249/ses-1/anat/sub-249_ses-1_T1w.nii.gz,sub-249,ses-1,std,130.1890720405099,"('Neurocognitive_aging_data', np.float64(nan), np.float64(nan))",False,True,True,False,False
/run/media/falconnier/Elements1/BIDS_datasets_selection/Neurocognitive_aging_data/sub-251/ses-1/anat/sub-251_ses-1_T1w.nii.gz,sub-251,ses-1,std,106.02508661863264,"('Neurocognitive_aging_data', np.float64(nan), np.float64(nan))",False,True,True,False,False
/run/media/falconnier/Elements1/BIDS_datasets_selection/Neurocognitive_aging_data/sub-250/ses-1/anat/sub-250_ses-1_T1w.nii.gz,sub-250,ses-1,std,130.8753939918148,"('Neurocognitive_aging_data', np.float64(nan), np.float64(nan))",False,True,True,False,False
/run/media/falconnier/Elements1/BIDS_datasets_selection/Neurocognitive_aging_data/sub-252/ses-1/anat/sub-252_ses-1_T1w.nii.gz,sub-252,ses-1,std,162.31920281033786,"('Neurocognitive_aging_data', np.float64(nan), np.float64(nan))",False,True,True,False,False
/run/media/falconnier/Elements1/BIDS_datasets_selection/Neurocognitive_aging_data/sub-253/ses-1/anat/sub-253_ses-1_T1w.nii.gz,sub-253,ses-1,std,110.50477584556324,"('Neurocognitive_aging_data', np.float64(nan), np.float64(nan))",False,True,True,False,False
/run/media/falconnier/Elements1/BIDS_datasets_selection/Neurocognitive_aging_data/sub-256/ses-1/anat/sub-256_ses-1_T1w.nii.gz,sub-256,ses-1,std,121.07985245537093,"('Neurocognitive_aging_data', np.float64(nan), np.float64(nan))",False,True,True,False,False
/run/media/falconnier/Elements1/BIDS_datasets_selection/Neurocognitive_aging_data/sub-254/ses-1/anat/sub-254_ses-1_T1w.nii.gz,sub-254,ses-1,std,114.5568486340265,"('Neurocognitive_aging_data', np.float64(nan), np.float64(nan))",False,True,True,False,False
/run/media/falconnier/Elements1/BIDS_datasets_selection/Neurocognitive_aging_data/sub-255/ses-1/anat/sub-255_ses-1_T1w.nii.gz,sub-255,ses-1,std,113.1816604814209,"('Neurocognitive_aging_data', np.float64(nan), np.float64(nan))",False,True,True,False,False
/run/media/falconnier/Elements1/BIDS_datasets_selection/Neurocognitive_aging_data/sub-257/ses-1/anat/sub-257_ses-1_T1w.nii.gz,sub-257,ses-1,std,130.6126595066658,"('Neurocognitive_aging_data', np.float64(nan), np.float64(nan))",False,True,True,False,False
/run/media/falconnier/Elements1/BIDS_datasets_selection/Neurocognitive_aging_data/sub-258/ses-1/anat/sub-258_ses-1_T1w.nii.gz,sub-258,ses-1,std,91.2661858330776,"('Neurocognitive_aging_data', np.float64(nan), np.float64(nan))",False,True,True,True,False
/run/media/falconnier/Elements1/BIDS_datasets_selection/Neurocognitive_aging_data/sub-259/ses-1/anat/sub-259_ses-1_T1w.nii.gz,sub-259,ses-1,std,109.30898025223809,"('Neurocognitive_aging_data', np.float64(nan), np.float64(nan))",False,True,True,False,False
/run/media/falconnier/Elements1/BIDS_datasets_selection/Neurocognitive_aging_data/sub-263/ses-1/anat/sub-263_ses-1_T1w.nii.gz,sub-263,ses-1,std,127.4651101365792,"('Neurocognitive_aging_data', np.float64(nan), np.float64(nan))",False,True,True,False,False
/run/media/falconnier/Elements1/BIDS_datasets_selection/Neurocognitive_aging_data/sub-261/ses-1/anat/sub-261_ses-1_T1w.nii.gz,sub-261,ses-1,std,144.4432500817728,"('Neurocognitive_aging_data', np.float64(nan), np.float64(nan))",False,True,True,False,False
/run/media/falconnier/Elements1/BIDS_datasets_selection/Neurocognitive_aging_data/sub-262/ses-1/anat/sub-262_ses-1_T1w.nii.gz,sub-262,ses-1,std,92.96375308907248,"('Neurocognitive_aging_data', np.float64(nan), np.float64(nan))",False,True,True,True,False
/run/media/falconnier/Elements1/BIDS_datasets_selection/Neurocognitive_aging_data/sub-260/ses-1/anat/sub-260_ses-1_T1w.nii.gz,sub-260,ses-1,std,126.81465871602931,"('Neurocognitive_aging_data', np.float64(nan), np.float64(nan))",False,True,True,False,False
/run/media/falconnier/Elements1/BIDS_datasets_selection/Neurocognitive_aging_data/sub-264/ses-1/anat/sub-264_ses-1_T1w.nii.gz,sub-264,ses-1,std,163.3512909441085,"('Neurocognitive_aging_data', np.float64(nan), np.float64(nan))",False,True,True,False,False
/run/media/falconnier/Elements1/BIDS_datasets_selection/Neurocognitive_aging_data/sub-265/ses-1/anat/sub-265_ses-1_T1w.nii.gz,sub-265,ses-1,std,114.35990795009158,"('Neurocognitive_aging_data', np.float64(nan), np.float64(nan))",False,True,True,False,False
/run/media/falconnier/Elements1/BIDS_datasets_selection/Neurocognitive_aging_data/sub-266/ses-1/anat/sub-266_ses-1_T1w.nii.gz,sub-266,ses-1,std,130.96069279364315,"('Neurocognitive_aging_data', np.float64(nan), np.float64(nan))",False,True,True,False,False
/run/media/falconnier/Elements1/BIDS_datasets_selection/Neurocognitive_aging_data/sub-267/ses-1/anat/sub-267_ses-1_T1w.nii.gz,sub-267,ses-1,std,139.26021292026306,"('Neurocognitive_aging_data', np.float64(nan), np.float64(nan))",False,True,True,False,False
/run/media/falconnier/Elements1/BIDS_datasets_selection/Neurocognitive_aging_data/sub-268/ses-1/anat/sub-268_ses-1_T1w.nii.gz,sub-268,ses-1,std,128.6340495296899,"('Neurocognitive_aging_data', np.float64(nan), np.float64(nan))",False,True,True,False,False
/run/media/falconnier/Elements1/BIDS_datasets_selection/Neurocognitive_aging_data/sub-269/ses-1/anat/sub-269_ses-1_T1w.nii.gz,sub-269,ses-1,std,122.86003038595932,"('Neurocognitive_aging_data', np.float64(nan), np.float64(nan))",False,True,True,False,False
/run/media/falconnier/Elements1/BIDS_datasets_selection/Neurocognitive_aging_data/sub-270/ses-1/anat/sub-270_ses-1_T1w.nii.gz,sub-270,ses-1,std,145.7252480912676,"('Neurocognitive_aging_data', np.float64(nan), np.float64(nan))",False,True,True,False,False
/run/media/falconnier/Elements1/BIDS_datasets_selection/Neurocognitive_aging_data/sub-272/ses-1/anat/sub-272_ses-1_T1w.nii.gz,sub-272,ses-1,std,138.4715285233218,"('Neurocognitive_aging_data', np.float64(nan), np.float64(nan))",False,True,True,False,False
/run/media/falconnier/Elements1/BIDS_datasets_selection/Neurocognitive_aging_data/sub-275/ses-1/anat/sub-275_ses-1_T1w.nii.gz,sub-275,ses-1,std,115.82967473460234,"('Neurocognitive_aging_data', np.float64(nan), np.float64(nan))",False,True,True,False,False
/run/media/falconnier/Elements1/BIDS_datasets_selection/Neurocognitive_aging_data/sub-271/ses-1/anat/sub-271_ses-1_T1w.nii.gz,sub-271,ses-1,std,129.26181469906385,"('Neurocognitive_aging_data', np.float64(nan), np.float64(nan))",False,True,True,False,False
/run/media/falconnier/Elements1/BIDS_datasets_selection/Neurocognitive_aging_data/sub-273/ses-1/anat/sub-273_ses-1_T1w.nii.gz,sub-273,ses-1,std,133.39408099632854,"('Neurocognitive_aging_data', np.float64(nan), np.float64(nan))",False,True,True,False,False
/run/media/falconnier/Elements1/BIDS_datasets_selection/Neurocognitive_aging_data/sub-274/ses-1/anat/sub-274_ses-1_T1w.nii.gz,sub-274,ses-1,std,142.428408952816,"('Neurocognitive_aging_data', np.float64(nan), np.float64(nan))",False,True,True,False,False
/run/media/falconnier/Elements1/BIDS_datasets_selection/Neurocognitive_aging_data/sub-276/ses-1/anat/sub-276_ses-1_T1w.nii.gz,sub-276,ses-1,std,117.08090379033924,"('Neurocognitive_aging_data', np.float64(nan), np.float64(nan))",False,True,True,False,False
/run/media/falconnier/Elements1/BIDS_datasets_selection/Neurocognitive_aging_data/sub-277/ses-1/anat/sub-277_ses-1_T1w.nii.gz,sub-277,ses-1,std,138.28030616817384,"('Neurocognitive_aging_data', np.float64(nan), np.float64(nan))",False,True,True,False,False
/run/media/falconnier/Elements1/BIDS_datasets_selection/Neurocognitive_aging_data/sub-278/ses-1/anat/sub-278_ses-1_T1w.nii.gz,sub-278,ses-1,std,163.4253188318436,"('Neurocognitive_aging_data', np.float64(nan), np.float64(nan))",False,True,True,False,False
/run/media/falconnier/Elements1/BIDS_datasets_selection/Neurocognitive_aging_data/sub-279/ses-1/anat/sub-279_ses-1_T1w.nii.gz,sub-279,ses-1,std,120.31363135469512,"('Neurocognitive_aging_data', np.float64(nan), np.float64(nan))",False,True,True,False,False
/run/media/falconnier/Elements1/BIDS_datasets_selection/Neurocognitive_aging_data/sub-281/ses-1/anat/sub-281_ses-1_T1w.nii.gz,sub-281,ses-1,std,111.57598098473292,"('Neurocognitive_aging_data', np.float64(nan), np.float64(nan))",False,True,True,False,False
/run/media/falconnier/Elements1/BIDS_datasets_selection/Neurocognitive_aging_data/sub-282/ses-1/anat/sub-282_ses-1_T1w.nii.gz,sub-282,ses-1,std,140.84314480222267,"('Neurocognitive_aging_data', np.float64(nan), np.float64(nan))",False,True,True,False,False
/run/media/falconnier/Elements1/BIDS_datasets_selection/Neurocognitive_aging_data/sub-280/ses-1/anat/sub-280_ses-1_T1w.nii.gz,sub-280,ses-1,std,114.6581056666792,"('Neurocognitive_aging_data', np.float64(nan), np.float64(nan))",False,True,True,False,False
/run/media/falconnier/Elements1/BIDS_datasets_selection/Neurocognitive_aging_data/sub-284/ses-1/anat/sub-284_ses-1_T1w.nii.gz,sub-284,ses-1,std,127.72007086911782,"('Neurocognitive_aging_data', np.float64(nan), np.float64(nan))",False,True,True,False,False
/run/media/falconnier/Elements1/BIDS_datasets_selection/Neurocognitive_aging_data/sub-283/ses-1/anat/sub-283_ses-1_T1w.nii.gz,sub-283,ses-1,std,163.77827460209463,"('Neurocognitive_aging_data', np.float64(nan), np.float64(nan))",False,True,True,False,False
/run/media/falconnier/Elements1/BIDS_datasets_selection/Neurocognitive_aging_data/sub-285/ses-1/anat/sub-285_ses-1_T1w.nii.gz,sub-285,ses-1,std,168.8765816963985,"('Neurocognitive_aging_data', np.float64(nan), np.float64(nan))",False,True,True,False,False
/run/media/falconnier/Elements1/BIDS_datasets_selection/Neurocognitive_aging_data/sub-286/ses-1/anat/sub-286_ses-1_T1w.nii.gz,sub-286,ses-1,std,144.64301128014142,"('Neurocognitive_aging_data', np.float64(nan), np.float64(nan))",False,True,True,False,False
/run/media/falconnier/Elements1/BIDS_datasets_selection/Neurocognitive_aging_data/sub-288/ses-1/anat/sub-288_ses-1_T1w.nii.gz,sub-288,ses-1,std,123.25986683783616,"('Neurocognitive_aging_data', np.float64(nan), np.float64(nan))",False,True,True,False,False
/run/media/falconnier/Elements1/BIDS_datasets_selection/Neurocognitive_aging_data/sub-287/ses-1/anat/sub-287_ses-1_T1w.nii.gz,sub-287,ses-1,std,162.74498490371354,"('Neurocognitive_aging_data', np.float64(nan), np.float64(nan))",False,True,True,False,False
/run/media/falconnier/Elements1/BIDS_datasets_selection/Neurocognitive_aging_data/sub-289/ses-1/anat/sub-289_ses-1_T1w.nii.gz,sub-289,ses-1,std,98.10465220451,"('Neurocognitive_aging_data', np.float64(nan), np.float64(nan))",False,True,True,False,False
/run/media/falconnier/Elements1/BIDS_datasets_selection/Neurocognitive_aging_data/sub-291/ses-1/anat/sub-291_ses-1_T1w.nii.gz,sub-291,ses-1,std,124.24383029737484,"('Neurocognitive_aging_data', np.float64(nan), np.float64(nan))",False,True,True,False,False
/run/media/falconnier/Elements1/BIDS_datasets_selection/Neurocognitive_aging_data/sub-290/ses-1/anat/sub-290_ses-1_T1w.nii.gz,sub-290,ses-1,std,137.62862309371042,"('Neurocognitive_aging_data', np.float64(nan), np.float64(nan))",False,True,True,False,False
/run/media/falconnier/Elements1/BIDS_datasets_selection/Neurocognitive_aging_data/sub-293/ses-1/anat/sub-293_ses-1_T1w.nii.gz,sub-293,ses-1,std,117.59613108387506,"('Neurocognitive_aging_data', np.float64(nan), np.float64(nan))",False,True,True,False,False
/run/media/falconnier/Elements1/BIDS_datasets_selection/Neurocognitive_aging_data/sub-292/ses-1/anat/sub-292_ses-1_T1w.nii.gz,sub-292,ses-1,std,128.3222479699792,"('Neurocognitive_aging_data', np.float64(nan), np.float64(nan))",False,True,True,False,False
/run/media/falconnier/Elements1/BIDS_datasets_selection/Neurocognitive_aging_data/sub-294/ses-1/anat/sub-294_ses-1_T1w.nii.gz,sub-294,ses-1,std,145.34645776163762,"('Neurocognitive_aging_data', np.float64(nan), np.float64(nan))",False,True,True,False,False
/run/media/falconnier/Elements1/BIDS_datasets_selection/Neurocognitive_aging_data/sub-296/ses-1/anat/sub-296_ses-1_T1w.nii.gz,sub-296,ses-1,std,129.0334054441252,"('Neurocognitive_aging_data', np.float64(nan), np.float64(nan))",False,True,True,False,False
/run/media/falconnier/Elements1/BIDS_datasets_selection/Neurocognitive_aging_data/sub-297/ses-1/anat/sub-297_ses-1_T1w.nii.gz,sub-297,ses-1,std,132.63461910737806,"('Neurocognitive_aging_data', np.float64(nan), np.float64(nan))",False,True,True,False,False
/run/media/falconnier/Elements1/BIDS_datasets_selection/Neurocognitive_aging_data/sub-298/ses-1/anat/sub-298_ses-1_T1w.nii.gz,sub-298,ses-1,std,130.19283307730555,"('Neurocognitive_aging_data', np.float64(nan), np.float64(nan))",False,True,True,False,False
/run/media/falconnier/Elements1/BIDS_datasets_selection/Neurocognitive_aging_data/sub-299/ses-1/anat/sub-299_ses-1_T1w.nii.gz,sub-299,ses-1,std,168.99724976180713,"('Neurocognitive_aging_data', np.float64(nan), np.float64(nan))",False,True,True,False,False
/run/media/falconnier/Elements1/BIDS_datasets_selection/Neurocognitive_aging_data/sub-295/ses-1/anat/sub-295_ses-1_T1w.nii.gz,sub-295,ses-1,std,125.34960639777472,"('Neurocognitive_aging_data', np.float64(nan), np.float64(nan))",False,True,True,False,False
/run/media/falconnier/Elements1/BIDS_datasets_selection/Neurocognitive_aging_data/sub-300/ses-1/anat/sub-300_ses-1_T1w.nii.gz,sub-300,ses-1,std,125.25181195113213,"('Neurocognitive_aging_data', np.float64(nan), np.float64(nan))",False,True,True,False,False
/run/media/falconnier/Elements1/BIDS_datasets_selection/Neurocognitive_aging_data/sub-301/ses-1/anat/sub-301_ses-1_T1w.nii.gz,sub-301,ses-1,std,110.3186285649922,"('Neurocognitive_aging_data', np.float64(nan), np.float64(nan))",False,True,True,False,False
/run/media/falconnier/Elements1/BIDS_datasets_selection/Neurocognitive_aging_data/sub-71/ses-1/anat/sub-71_ses-1_T1w.nii.gz,sub-71,ses-1,std,944.9674375951612,"('Neurocognitive_aging_data', np.float64(nan), np.float64(nan))",False,False,False,True,False
/run/media/falconnier/Elements1/BIDS_datasets_selection/Neurocognitive_aging_data/sub-134/ses-1/anat/sub-134_ses-1_T1w.nii.gz,sub-134,ses-1,mad,407.0,"('Neurocognitive_aging_data', np.float64(nan), np.float64(nan))",False,False,False,True,False
/run/media/falconnier/Elements1/BIDS_datasets_selection/Neurocognitive_aging_data/sub-26/ses-1/anat/sub-26_ses-1_T1w.nii.gz,sub-26,ses-1,mad,391.0,"('Neurocognitive_aging_data', np.float64(nan), np.float64(nan))",False,False,False,True,False
/run/media/falconnier/Elements1/BIDS_datasets_selection/Neurocognitive_aging_data/sub-33/ses-1/anat/sub-33_ses-1_T1w.nii.gz,sub-33,ses-1,mad,444.0,"('Neurocognitive_aging_data', np.float64(nan), np.float64(nan))",False,False,False,True,False
/run/media/falconnier/Elements1/BIDS_datasets_selection/Neurocognitive_aging_data/sub-04/ses-1/anat/sub-04_ses-1_T1w.nii.gz,sub-04,ses-1,entropy,0.2409076769414426,"('Neurocognitive_aging_data', np.float64(nan), np.float64(nan))",False,False,False,True,False
/run/media/falconnier/Elements1/BIDS_datasets_selection/Neurocognitive_aging_data/sub-134/ses-1/anat/sub-134_ses-1_T1w.nii.gz,sub-134,ses-1,entropy,0.7137484688440741,"('Neurocognitive_aging_data', np.float64(nan), np.float64(nan))",False,False,True,False,False
/run/media/falconnier/Elements1/BIDS_datasets_selection/Neurocognitive_aging_data/sub-182/ses-1/anat/sub-182_ses-1_T1w.nii.gz,sub-182,ses-1,entropy,0.2388832293785734,"('Neurocognitive_aging_data', np.float64(nan), np.float64(nan))",False,False,False,True,False
/run/media/falconnier/Elements1/BIDS_datasets_selection/Neurocognitive_aging_data/sub-190/ses-1/anat/sub-190_ses-1_T1w.nii.gz,sub-190,ses-1,entropy,0.236003411050184,"('Neurocognitive_aging_data', np.float64(nan), np.float64(nan))",False,False,False,True,False
/run/media/falconnier/Elements1/BIDS_datasets_selection/Neurocognitive_aging_data/sub-239/ses-1/anat/sub-239_ses-1_T1w.nii.gz,sub-239,ses-1,entropy,1.3783155407337722,"('Neurocognitive_aging_data', np.float64(nan), np.float64(nan))",False,True,True,False,False
/run/media/falconnier/Elements1/BIDS_datasets_selection/Neurocognitive_aging_data/sub-240/ses-1/anat/sub-240_ses-1_T1w.nii.gz,sub-240,ses-1,entropy,1.1710939499457125,"('Neurocognitive_aging_data', np.float64(nan), np.float64(nan))",False,True,True,False,False
/run/media/falconnier/Elements1/BIDS_datasets_selection/Neurocognitive_aging_data/sub-241/ses-1/anat/sub-241_ses-1_T1w.nii.gz,sub-241,ses-1,entropy,1.4942994365891051,"('Neurocognitive_aging_data', np.float64(nan), np.float64(nan))",False,True,True,False,False
/run/media/falconnier/Elements1/BIDS_datasets_selection/Neurocognitive_aging_data/sub-242/ses-1/anat/sub-242_ses-1_T1w.nii.gz,sub-242,ses-1,entropy,1.4354534769560372,"('Neurocognitive_aging_data', np.float64(nan), np.float64(nan))",False,True,True,False,False
/run/media/falconnier/Elements1/BIDS_datasets_selection/Neurocognitive_aging_data/sub-247/ses-1/anat/sub-247_ses-1_T1w.nii.gz,sub-247,ses-1,entropy,1.2121170537034058,"('Neurocognitive_aging_data', np.float64(nan), np.float64(nan))",False,True,True,False,False
/run/media/falconnier/Elements1/BIDS_datasets_selection/Neurocognitive_aging_data/sub-244/ses-1/anat/sub-244_ses-1_T1w.nii.gz,sub-244,ses-1,entropy,1.2616739312785676,"('Neurocognitive_aging_data', np.float64(nan), np.float64(nan))",False,True,True,False,False
/run/media/falconnier/Elements1/BIDS_datasets_selection/Neurocognitive_aging_data/sub-243/ses-1/anat/sub-243_ses-1_T1w.nii.gz,sub-243,ses-1,entropy,1.283701613995575,"('Neurocognitive_aging_data', np.float64(nan), np.float64(nan))",False,True,True,False,False
/run/media/falconnier/Elements1/BIDS_datasets_selection/Neurocognitive_aging_data/sub-245/ses-1/anat/sub-245_ses-1_T1w.nii.gz,sub-245,ses-1,entropy,1.8891456518361125,"('Neurocognitive_aging_data', np.float64(nan), np.float64(nan))",False,True,True,False,False
/run/media/falconnier/Elements1/BIDS_datasets_selection/Neurocognitive_aging_data/sub-248/ses-1/anat/sub-248_ses-1_T1w.nii.gz,sub-248,ses-1,entropy,1.5780484626006137,"('Neurocognitive_aging_data', np.float64(nan), np.float64(nan))",False,True,True,False,False
/run/media/falconnier/Elements1/BIDS_datasets_selection/Neurocognitive_aging_data/sub-246/ses-1/anat/sub-246_ses-1_T1w.nii.gz,sub-246,ses-1,entropy,1.3777239851445915,"('Neurocognitive_aging_data', np.float64(nan), np.float64(nan))",False,True,True,False,False
/run/media/falconnier/Elements1/BIDS_datasets_selection/Neurocognitive_aging_data/sub-249/ses-1/anat/sub-249_ses-1_T1w.nii.gz,sub-249,ses-1,entropy,1.7622470263908756,"('Neurocognitive_aging_data', np.float64(nan), np.float64(nan))",False,True,True,False,False
/run/media/falconnier/Elements1/BIDS_datasets_selection/Neurocognitive_aging_data/sub-251/ses-1/anat/sub-251_ses-1_T1w.nii.gz,sub-251,ses-1,entropy,1.751250003872488,"('Neurocognitive_aging_data', np.float64(nan), np.float64(nan))",False,True,True,False,False
/run/media/falconnier/Elements1/BIDS_datasets_selection/Neurocognitive_aging_data/sub-250/ses-1/anat/sub-250_ses-1_T1w.nii.gz,sub-250,ses-1,entropy,1.5688057093745065,"('Neurocognitive_aging_data', np.float64(nan), np.float64(nan))",False,True,True,False,False
/run/media/falconnier/Elements1/BIDS_datasets_selection/Neurocognitive_aging_data/sub-252/ses-1/anat/sub-252_ses-1_T1w.nii.gz,sub-252,ses-1,entropy,1.2471755964855469,"('Neurocognitive_aging_data', np.float64(nan), np.float64(nan))",False,True,True,False,False
/run/media/falconnier/Elements1/BIDS_datasets_selection/Neurocognitive_aging_data/sub-253/ses-1/anat/sub-253_ses-1_T1w.nii.gz,sub-253,ses-1,entropy,1.8645105908219304,"('Neurocognitive_aging_data', np.float64(nan), np.float64(nan))",False,True,True,False,False
/run/media/falconnier/Elements1/BIDS_datasets_selection/Neurocognitive_aging_data/sub-256/ses-1/anat/sub-256_ses-1_T1w.nii.gz,sub-256,ses-1,entropy,1.9260893097613887,"('Neurocognitive_aging_data', np.float64(nan), np.float64(nan))",False,True,True,False,False
/run/media/falconnier/Elements1/BIDS_datasets_selection/Neurocognitive_aging_data/sub-254/ses-1/anat/sub-254_ses-1_T1w.nii.gz,sub-254,ses-1,entropy,1.8131357566534172,"('Neurocognitive_aging_data', np.float64(nan), np.float64(nan))",False,True,True,False,False
/run/media/falconnier/Elements1/BIDS_datasets_selection/Neurocognitive_aging_data/sub-255/ses-1/anat/sub-255_ses-1_T1w.nii.gz,sub-255,ses-1,entropy,1.800890383469972,"('Neurocognitive_aging_data', np.float64(nan), np.float64(nan))",False,True,True,False,False
/run/media/falconnier/Elements1/BIDS_datasets_selection/Neurocognitive_aging_data/sub-257/ses-1/anat/sub-257_ses-1_T1w.nii.gz,sub-257,ses-1,entropy,1.521696331088086,"('Neurocognitive_aging_data', np.float64(nan), np.float64(nan))",False,True,True,False,False
/run/media/falconnier/Elements1/BIDS_datasets_selection/Neurocognitive_aging_data/sub-258/ses-1/anat/sub-258_ses-1_T1w.nii.gz,sub-258,ses-1,entropy,2.321318783517688,"('Neurocognitive_aging_data', np.float64(nan), np.float64(nan))",False,True,True,True,False
/run/media/falconnier/Elements1/BIDS_datasets_selection/Neurocognitive_aging_data/sub-259/ses-1/anat/sub-259_ses-1_T1w.nii.gz,sub-259,ses-1,entropy,1.976215104108668,"('Neurocognitive_aging_data', np.float64(nan), np.float64(nan))",False,True,True,False,False
/run/media/falconnier/Elements1/BIDS_datasets_selection/Neurocognitive_aging_data/sub-263/ses-1/anat/sub-263_ses-1_T1w.nii.gz,sub-263,ses-1,entropy,1.334884370517342,"('Neurocognitive_aging_data', np.float64(nan), np.float64(nan))",False,True,True,False,False
/run/media/falconnier/Elements1/BIDS_datasets_selection/Neurocognitive_aging_data/sub-261/ses-1/anat/sub-261_ses-1_T1w.nii.gz,sub-261,ses-1,entropy,1.2235902394439189,"('Neurocognitive_aging_data', np.float64(nan), np.float64(nan))",False,True,True,False,False
/run/media/falconnier/Elements1/BIDS_datasets_selection/Neurocognitive_aging_data/sub-262/ses-1/anat/sub-262_ses-1_T1w.nii.gz,sub-262,ses-1,entropy,2.5177813316855784,"('Neurocognitive_aging_data', np.float64(nan), np.float64(nan))",False,True,True,True,False
/run/media/falconnier/Elements1/BIDS_datasets_selection/Neurocognitive_aging_data/sub-260/ses-1/anat/sub-260_ses-1_T1w.nii.gz,sub-260,ses-1,entropy,1.550780762313815,"('Neurocognitive_aging_data', np.float64(nan), np.float64(nan))",False,True,True,False,False
/run/media/falconnier/Elements1/BIDS_datasets_selection/Neurocognitive_aging_data/sub-264/ses-1/anat/sub-264_ses-1_T1w.nii.gz,sub-264,ses-1,entropy,1.193630981223197,"('Neurocognitive_aging_data', np.float64(nan), np.float64(nan))",False,True,True,False,False
/run/media/falconnier/Elements1/BIDS_datasets_selection/Neurocognitive_aging_data/sub-265/ses-1/anat/sub-265_ses-1_T1w.nii.gz,sub-265,ses-1,entropy,2.01464309789938,"('Neurocognitive_aging_data', np.float64(nan), np.float64(nan))",False,True,True,False,False
/run/media/falconnier/Elements1/BIDS_datasets_selection/Neurocognitive_aging_data/sub-266/ses-1/anat/sub-266_ses-1_T1w.nii.gz,sub-266,ses-1,entropy,1.2264980059489612,"('Neurocognitive_aging_data', np.float64(nan), np.float64(nan))",False,True,True,False,False
/run/media/falconnier/Elements1/BIDS_datasets_selection/Neurocognitive_aging_data/sub-267/ses-1/anat/sub-267_ses-1_T1w.nii.gz,sub-267,ses-1,entropy,1.259208314893707,"('Neurocognitive_aging_data', np.float64(nan), np.float64(nan))",False,True,True,False,False
/run/media/falconnier/Elements1/BIDS_datasets_selection/Neurocognitive_aging_data/sub-268/ses-1/anat/sub-268_ses-1_T1w.nii.gz,sub-268,ses-1,entropy,1.5450121469939817,"('Neurocognitive_aging_data', np.float64(nan), np.float64(nan))",False,True,True,False,False
/run/media/falconnier/Elements1/BIDS_datasets_selection/Neurocognitive_aging_data/sub-269/ses-1/anat/sub-269_ses-1_T1w.nii.gz,sub-269,ses-1,entropy,1.5543550186752495,"('Neurocognitive_aging_data', np.float64(nan), np.float64(nan))",False,True,True,False,False
/run/media/falconnier/Elements1/BIDS_datasets_selection/Neurocognitive_aging_data/sub-270/ses-1/anat/sub-270_ses-1_T1w.nii.gz,sub-270,ses-1,entropy,1.3414622511415248,"('Neurocognitive_aging_data', np.float64(nan), np.float64(nan))",False,True,True,False,False
/run/media/falconnier/Elements1/BIDS_datasets_selection/Neurocognitive_aging_data/sub-272/ses-1/anat/sub-272_ses-1_T1w.nii.gz,sub-272,ses-1,entropy,1.287032865349798,"('Neurocognitive_aging_data', np.float64(nan), np.float64(nan))",False,True,True,False,False
/run/media/falconnier/Elements1/BIDS_datasets_selection/Neurocognitive_aging_data/sub-275/ses-1/anat/sub-275_ses-1_T1w.nii.gz,sub-275,ses-1,entropy,1.4020873266063028,"('Neurocognitive_aging_data', np.float64(nan), np.float64(nan))",False,True,True,False,False
/run/media/falconnier/Elements1/BIDS_datasets_selection/Neurocognitive_aging_data/sub-271/ses-1/anat/sub-271_ses-1_T1w.nii.gz,sub-271,ses-1,entropy,1.6158537465026248,"('Neurocognitive_aging_data', np.float64(nan), np.float64(nan))",False,True,True,False,False
/run/media/falconnier/Elements1/BIDS_datasets_selection/Neurocognitive_aging_data/sub-273/ses-1/anat/sub-273_ses-1_T1w.nii.gz,sub-273,ses-1,entropy,1.3749488319320686,"('Neurocognitive_aging_data', np.float64(nan), np.float64(nan))",False,True,True,False,False
/run/media/falconnier/Elements1/BIDS_datasets_selection/Neurocognitive_aging_data/sub-274/ses-1/anat/sub-274_ses-1_T1w.nii.gz,sub-274,ses-1,entropy,1.3609231702594815,"('Neurocognitive_aging_data', np.float64(nan), np.float64(nan))",False,True,True,False,False
/run/media/falconnier/Elements1/BIDS_datasets_selection/Neurocognitive_aging_data/sub-276/ses-1/anat/sub-276_ses-1_T1w.nii.gz,sub-276,ses-1,entropy,1.68384859693445,"('Neurocognitive_aging_data', np.float64(nan), np.float64(nan))",False,True,True,False,False
/run/media/falconnier/Elements1/BIDS_datasets_selection/Neurocognitive_aging_data/sub-277/ses-1/anat/sub-277_ses-1_T1w.nii.gz,sub-277,ses-1,entropy,1.1626025291299336,"('Neurocognitive_aging_data', np.float64(nan), np.float64(nan))",False,True,True,False,False
/run/media/falconnier/Elements1/BIDS_datasets_selection/Neurocognitive_aging_data/sub-278/ses-1/anat/sub-278_ses-1_T1w.nii.gz,sub-278,ses-1,entropy,1.5336353736944663,"('Neurocognitive_aging_data', np.float64(nan), np.float64(nan))",False,True,True,False,False
/run/media/falconnier/Elements1/BIDS_datasets_selection/Neurocognitive_aging_data/sub-279/ses-1/anat/sub-279_ses-1_T1w.nii.gz,sub-279,ses-1,entropy,1.3026305219472407,"('Neurocognitive_aging_data', np.float64(nan), np.float64(nan))",False,True,True,False,False
/run/media/falconnier/Elements1/BIDS_datasets_selection/Neurocognitive_aging_data/sub-281/ses-1/anat/sub-281_ses-1_T1w.nii.gz,sub-281,ses-1,entropy,1.801627076858724,"('Neurocognitive_aging_data', np.float64(nan), np.float64(nan))",False,True,True,False,False
/run/media/falconnier/Elements1/BIDS_datasets_selection/Neurocognitive_aging_data/sub-282/ses-1/anat/sub-282_ses-1_T1w.nii.gz,sub-282,ses-1,entropy,1.3921916671025412,"('Neurocognitive_aging_data', np.float64(nan), np.float64(nan))",False,True,True,False,False
/run/media/falconnier/Elements1/BIDS_datasets_selection/Neurocognitive_aging_data/sub-280/ses-1/anat/sub-280_ses-1_T1w.nii.gz,sub-280,ses-1,entropy,1.6948358995283608,"('Neurocognitive_aging_data', np.float64(nan), np.float64(nan))",False,True,True,False,False
/run/media/falconnier/Elements1/BIDS_datasets_selection/Neurocognitive_aging_data/sub-284/ses-1/anat/sub-284_ses-1_T1w.nii.gz,sub-284,ses-1,entropy,1.686730896478951,"('Neurocognitive_aging_data', np.float64(nan), np.float64(nan))",False,True,True,False,False
/run/media/falconnier/Elements1/BIDS_datasets_selection/Neurocognitive_aging_data/sub-283/ses-1/anat/sub-283_ses-1_T1w.nii.gz,sub-283,ses-1,entropy,1.210596141233084,"('Neurocognitive_aging_data', np.float64(nan), np.float64(nan))",False,True,True,False,False
/run/media/falconnier/Elements1/BIDS_datasets_selection/Neurocognitive_aging_data/sub-285/ses-1/anat/sub-285_ses-1_T1w.nii.gz,sub-285,ses-1,entropy,1.3125951595408214,"('Neurocognitive_aging_data', np.float64(nan), np.float64(nan))",False,True,True,False,False
/run/media/falconnier/Elements1/BIDS_datasets_selection/Neurocognitive_aging_data/sub-286/ses-1/anat/sub-286_ses-1_T1w.nii.gz,sub-286,ses-1,entropy,1.4454933493251938,"('Neurocognitive_aging_data', np.float64(nan), np.float64(nan))",False,True,True,False,False
/run/media/falconnier/Elements1/BIDS_datasets_selection/Neurocognitive_aging_data/sub-288/ses-1/anat/sub-288_ses-1_T1w.nii.gz,sub-288,ses-1,entropy,1.557959441245396,"('Neurocognitive_aging_data', np.float64(nan), np.float64(nan))",False,True,True,False,False
/run/media/falconnier/Elements1/BIDS_datasets_selection/Neurocognitive_aging_data/sub-287/ses-1/anat/sub-287_ses-1_T1w.nii.gz,sub-287,ses-1,entropy,1.3398208142824886,"('Neurocognitive_aging_data', np.float64(nan), np.float64(nan))",False,True,True,False,False
/run/media/falconnier/Elements1/BIDS_datasets_selection/Neurocognitive_aging_data/sub-289/ses-1/anat/sub-289_ses-1_T1w.nii.gz,sub-289,ses-1,entropy,2.062099372721765,"('Neurocognitive_aging_data', np.float64(nan), np.float64(nan))",False,True,True,False,False
/run/media/falconnier/Elements1/BIDS_datasets_selection/Neurocognitive_aging_data/sub-291/ses-1/anat/sub-291_ses-1_T1w.nii.gz,sub-291,ses-1,entropy,1.711388328828136,"('Neurocognitive_aging_data', np.float64(nan), np.float64(nan))",False,True,True,False,False
/run/media/falconnier/Elements1/BIDS_datasets_selection/Neurocognitive_aging_data/sub-290/ses-1/anat/sub-290_ses-1_T1w.nii.gz,sub-290,ses-1,entropy,1.5388068963095771,"('Neurocognitive_aging_data', np.float64(nan), np.float64(nan))",False,True,True,False,False
/run/media/falconnier/Elements1/BIDS_datasets_selection/Neurocognitive_aging_data/sub-293/ses-1/anat/sub-293_ses-1_T1w.nii.gz,sub-293,ses-1,entropy,1.3234708212477584,"('Neurocognitive_aging_data', np.float64(nan), np.float64(nan))",False,True,True,False,False
/run/media/falconnier/Elements1/BIDS_datasets_selection/Neurocognitive_aging_data/sub-292/ses-1/anat/sub-292_ses-1_T1w.nii.gz,sub-292,ses-1,entropy,1.401482038473994,"('Neurocognitive_aging_data', np.float64(nan), np.float64(nan))",False,True,True,False,False
/run/media/falconnier/Elements1/BIDS_datasets_selection/Neurocognitive_aging_data/sub-294/ses-1/anat/sub-294_ses-1_T1w.nii.gz,sub-294,ses-1,entropy,1.4041362278234713,"('Neurocognitive_aging_data', np.float64(nan), np.float64(nan))",False,True,True,False,False
/run/media/falconnier/Elements1/BIDS_datasets_selection/Neurocognitive_aging_data/sub-296/ses-1/anat/sub-296_ses-1_T1w.nii.gz,sub-296,ses-1,entropy,1.5821209378655476,"('Neurocognitive_aging_data', np.float64(nan), np.float64(nan))",False,True,True,False,False
/run/media/falconnier/Elements1/BIDS_datasets_selection/Neurocognitive_aging_data/sub-297/ses-1/anat/sub-297_ses-1_T1w.nii.gz,sub-297,ses-1,entropy,1.4654207597095097,"('Neurocognitive_aging_data', np.float64(nan), np.float64(nan))",False,True,True,False,False
/run/media/falconnier/Elements1/BIDS_datasets_selection/Neurocognitive_aging_data/sub-298/ses-1/anat/sub-298_ses-1_T1w.nii.gz,sub-298,ses-1,entropy,1.4816080654261723,"('Neurocognitive_aging_data', np.float64(nan), np.float64(nan))",False,True,True,False,False
/run/media/falconnier/Elements1/BIDS_datasets_selection/Neurocognitive_aging_data/sub-299/ses-1/anat/sub-299_ses-1_T1w.nii.gz,sub-299,ses-1,entropy,1.370955716454791,"('Neurocognitive_aging_data', np.float64(nan), np.float64(nan))",False,True,True,False,False
/run/media/falconnier/Elements1/BIDS_datasets_selection/Neurocognitive_aging_data/sub-295/ses-1/anat/sub-295_ses-1_T1w.nii.gz,sub-295,ses-1,entropy,1.4273257949817315,"('Neurocognitive_aging_data', np.float64(nan), np.float64(nan))",False,True,True,False,False
/run/media/falconnier/Elements1/BIDS_datasets_selection/Neurocognitive_aging_data/sub-300/ses-1/anat/sub-300_ses-1_T1w.nii.gz,sub-300,ses-1,entropy,1.3984578701785242,"('Neurocognitive_aging_data', np.float64(nan), np.float64(nan))",False,True,True,False,False
/run/media/falconnier/Elements1/BIDS_datasets_selection/Neurocognitive_aging_data/sub-301/ses-1/anat/sub-301_ses-1_T1w.nii.gz,sub-301,ses-1,entropy,2.1275526144511003,"('Neurocognitive_aging_data', np.float64(nan), np.float64(nan))",False,True,True,True,False
/run/media/falconnier/Elements1/BIDS_datasets_selection/Neurocognitive_aging_data/sub-02/ses-1/anat/sub-02_ses-1_T1w.nii.gz,sub-02,ses-1,efc,0.3735,"('Neurocognitive_aging_data', np.float64(nan), np.float64(nan))",False,False,False,True,False
/run/media/falconnier/Elements1/BIDS_datasets_selection/Neurocognitive_aging_data/sub-14/ses-1/anat/sub-14_ses-1_T1w.nii.gz,sub-14,ses-1,efc,0.378,"('Neurocognitive_aging_data', np.float64(nan), np.float64(nan))",False,False,False,True,False
/run/media/falconnier/Elements1/BIDS_datasets_selection/Neurocognitive_aging_data/sub-244/ses-1/anat/sub-244_ses-1_T1w.nii.gz,sub-244,ses-1,efc,0.4927,"('Neurocognitive_aging_data', np.float64(nan), np.float64(nan))",False,False,False,True,False
/run/media/falconnier/Elements1/BIDS_datasets_selection/Neurocognitive_aging_data/sub-285/ses-1/anat/sub-285_ses-1_T1w.nii.gz,sub-285,ses-1,efc,0.5046,"('Neurocognitive_aging_data', np.float64(nan), np.float64(nan))",False,False,False,True,False
/run/media/falconnier/Elements1/BIDS_datasets_selection/Neurocognitive_aging_data/sub-290/ses-1/anat/sub-290_ses-1_T1w.nii.gz,sub-290,ses-1,efc,0.5013,"('Neurocognitive_aging_data', np.float64(nan), np.float64(nan))",False,False,False,True,False
/run/media/falconnier/Elements1/BIDS_datasets_selection/Neurocognitive_aging_data/sub-56/ses-1/anat/sub-56_ses-1_T1w.nii.gz,sub-56,ses-1,efc,0.3794,"('Neurocognitive_aging_data', np.float64(nan), np.float64(nan))",False,False,False,True,False
/run/media/falconnier/Elements1/BIDS_datasets_selection/Neurocognitive_aging_data/sub-129/ses-1/anat/sub-129_ses-1_T1w.nii.gz,sub-129,ses-1,nonzero_frac,0.4668072787198153,"('Neurocognitive_aging_data', np.float64(nan), np.float64(nan))",False,False,False,True,False
/run/media/falconnier/Elements1/BIDS_datasets_selection/Neurocognitive_aging_data/sub-134/ses-1/anat/sub-134_ses-1_T1w.nii.gz,sub-134,ses-1,nonzero_frac,0.3692326979203658,"('Neurocognitive_aging_data', np.float64(nan), np.float64(nan))",False,False,False,True,False
/run/media/falconnier/Elements1/BIDS_datasets_selection/Neurocognitive_aging_data/sub-259/ses-1/anat/sub-259_ses-1_T1w.nii.gz,sub-259,ses-1,nonzero_frac,0.758472760518392,"('Neurocognitive_aging_data', np.float64(nan), np.float64(nan))",False,False,False,True,False
/run/media/falconnier/Elements1/BIDS_datasets_selection/Neurocognitive_aging_data/sub-286/ses-1/anat/sub-286_ses-1_T1w.nii.gz,sub-286,ses-1,nonzero_frac,0.7582925160725912,"('Neurocognitive_aging_data', np.float64(nan), np.float64(nan))",False,False,False,True,False
/run/media/falconnier/Elements1/BIDS_datasets_selection/Neurocognitive_aging_data/sub-299/ses-1/anat/sub-299_ses-1_T1w.nii.gz,sub-299,ses-1,nonzero_frac,0.7563899358113607,"('Neurocognitive_aging_data', np.float64(nan), np.float64(nan))",False,False,False,True,False
/run/media/falconnier/Elements1/BIDS_datasets_selection/Neurocognitive_aging_data/sub-41/ses-1/anat/sub-41_ses-1_T1w.nii.gz,sub-41,ses-1,nonzero_frac,0.4651446775956587,"('Neurocognitive_aging_data', np.float64(nan), np.float64(nan))",False,False,False,True,False
/run/media/falconnier/Elements1/BIDS_datasets_selection/Neurocognitive_aging_data/sub-129/ses-1/anat/sub-129_ses-1_T1w.nii.gz,sub-129,ses-1,n_nonzero,5384312.0,"('Neurocognitive_aging_data', np.float64(nan), np.float64(nan))",False,False,False,True,False
/run/media/falconnier/Elements1/BIDS_datasets_selection/Neurocognitive_aging_data/sub-134/ses-1/anat/sub-134_ses-1_T1w.nii.gz,sub-134,ses-1,n_nonzero,4258854.0,"('Neurocognitive_aging_data', np.float64(nan), np.float64(nan))",False,False,False,True,False
/run/media/falconnier/Elements1/BIDS_datasets_selection/Neurocognitive_aging_data/sub-259/ses-1/anat/sub-259_ses-1_T1w.nii.gz,sub-259,ses-1,n_nonzero,9543796.0,"('Neurocognitive_aging_data', np.float64(nan), np.float64(nan))",False,False,False,True,False
/run/media/falconnier/Elements1/BIDS_datasets_selection/Neurocognitive_aging_data/sub-286/ses-1/anat/sub-286_ses-1_T1w.nii.gz,sub-286,ses-1,n_nonzero,9541528.0,"('Neurocognitive_aging_data', np.float64(nan), np.float64(nan))",False,False,False,True,False
/run/media/falconnier/Elements1/BIDS_datasets_selection/Neurocognitive_aging_data/sub-299/ses-1/anat/sub-299_ses-1_T1w.nii.gz,sub-299,ses-1,n_nonzero,9517588.0,"('Neurocognitive_aging_data', np.float64(nan), np.float64(nan))",False,False,False,True,False
/run/media/falconnier/Elements1/BIDS_datasets_selection/Neurocognitive_aging_data/sub-41/ses-1/anat/sub-41_ses-1_T1w.nii.gz,sub-41,ses-1,n_nonzero,5365135.0,"('Neurocognitive_aging_data', np.float64(nan), np.float64(nan))",False,False,False,True,False
/run/media/falconnier/Elements1/BIDS_datasets_selection/Neurocognitive_aging_data/sub-04/ses-1/anat/sub-04_ses-1_T1w.nii.gz,sub-04,ses-1,kurtosis,9.200943988307092,"('Neurocognitive_aging_data', np.float64(nan), np.float64(nan))",False,False,False,True,False
/run/media/falconnier/Elements1/BIDS_datasets_selection/Neurocognitive_aging_data/sub-109/ses-1/anat/sub-109_ses-1_T1w.nii.gz,sub-109,ses-1,kurtosis,11.672803926865765,"('Neurocognitive_aging_data', np.float64(nan), np.float64(nan))",False,True,True,True,False
/run/media/falconnier/Elements1/BIDS_datasets_selection/Neurocognitive_aging_data/sub-134/ses-1/anat/sub-134_ses-1_T1w.nii.gz,sub-134,ses-1,kurtosis,-0.8076518247902595,"('Neurocognitive_aging_data', np.float64(nan), np.float64(nan))",False,False,False,True,False
/run/media/falconnier/Elements1/BIDS_datasets_selection/Neurocognitive_aging_data/sub-242/ses-1/anat/sub-242_ses-1_T1w.nii.gz,sub-242,ses-1,kurtosis,0.2968354224684151,"('Neurocognitive_aging_data', np.float64(nan), np.float64(nan))",False,False,False,True,False
/run/media/falconnier/Elements1/BIDS_datasets_selection/Neurocognitive_aging_data/sub-26/ses-1/anat/sub-26_ses-1_T1w.nii.gz,sub-26,ses-1,kurtosis,0.2673346136804282,"('Neurocognitive_aging_data', np.float64(nan), np.float64(nan))",False,False,False,True,False
/run/media/falconnier/Elements1/BIDS_datasets_selection/Neurocognitive_aging_data/sub-54/ses-1/anat/sub-54_ses-1_T1w.nii.gz,sub-54,ses-1,kurtosis,11.397541173747795,"('Neurocognitive_aging_data', np.float64(nan), np.float64(nan))",False,True,True,True,False
/run/media/falconnier/Elements1/BIDS_datasets_selection/Neurocognitive_aging_data/sub-04/ses-1/anat/sub-04_ses-1_T1w.nii.gz,sub-04,ses-1,skewness,2.472812708956213,"('Neurocognitive_aging_data', np.float64(nan), np.float64(nan))",False,False,False,True,False
/run/media/falconnier/Elements1/BIDS_datasets_selection/Neurocognitive_aging_data/sub-109/ses-1/anat/sub-109_ses-1_T1w.nii.gz,sub-109,ses-1,skewness,2.850741943377106,"('Neurocognitive_aging_data', np.float64(nan), np.float64(nan))",False,True,True,True,False
/run/media/falconnier/Elements1/BIDS_datasets_selection/Neurocognitive_aging_data/sub-134/ses-1/anat/sub-134_ses-1_T1w.nii.gz,sub-134,ses-1,skewness,0.2755685108318788,"('Neurocognitive_aging_data', np.float64(nan), np.float64(nan))",False,True,True,True,False
/run/media/falconnier/Elements1/BIDS_datasets_selection/Neurocognitive_aging_data/sub-242/ses-1/anat/sub-242_ses-1_T1w.nii.gz,sub-242,ses-1,skewness,1.058511872117282,"('Neurocognitive_aging_data', np.float64(nan), np.float64(nan))",False,False,False,True,False
/run/media/falconnier/Elements1/BIDS_datasets_selection/Neurocognitive_aging_data/sub-26/ses-1/anat/sub-26_ses-1_T1w.nii.gz,sub-26,ses-1,skewness,0.9836144729462756,"('Neurocognitive_aging_data', np.float64(nan), np.float64(nan))",False,False,False,True,False
/run/media/falconnier/Elements1/BIDS_datasets_selection/Neurocognitive_aging_data/sub-54/ses-1/anat/sub-54_ses-1_T1w.nii.gz,sub-54,ses-1,skewness,2.715426979855681,"('Neurocognitive_aging_data', np.float64(nan), np.float64(nan))",False,False,True,True,False
