dataset,path,error,subject,session,dim_x,dim_y,dim_z,voxel_x_mm,voxel_y_mm,voxel_z_mm,file_size_mb,tesla,manufacturer,model,n_voxels,n_nonzero,nonzero_frac,mean,median,std,mad,kurtosis,skewness,p01,p05,p95,p99,entropy,efc
MR-ART,/run/media/falconnier/Elements1/datasets/BIDS_datasets/MR-ART/sub-000148/anat/sub-000148_acq-standard_T1w.nii.gz,,sub-000148,,192,256,256,1.0,1.0,1.0,8.424724578857422,3,Siemens,Prisma,12582912,6960516,0.5531721115112305,69.0210730206162,1.9992218725383282,137.6462636603816,1.9992218725383282,3.5557090445376067,2.057924532479585,0.0,0.0,393.99791054427624,523.0065219663084,1.2081080080286628,0.4126
MR-ART,/run/media/falconnier/Elements1/datasets/BIDS_datasets/MR-ART/sub-003617/anat/sub-003617_acq-standard_T1w.nii.gz,,sub-003617,,192,256,256,1.0,1.0,1.0,9.550498008728027,3,Siemens,MAGNETOM Prisma,12582912,8434058,0.6702787081400553,64.05505199023118,1.9955901056528091,113.35172101486614,1.9955901056528091,3.203789932383698,1.8980766169888015,0.0,0.0,301.0036260634661,476.996878311038,1.6450728864345896,0.4595
MR-ART,/run/media/falconnier/Elements1/datasets/BIDS_datasets/MR-ART/sub-000175/anat/sub-000175_acq-standard_T1w.nii.gz,,sub-000175,,192,256,256,1.0,1.0,1.0,11.769237518310547,3,Siemens,Prisma,12582912,9397828,0.7468722661336263,116.44171866551243,4.010345745831728,186.3717693197482,4.010345745831728,2.688315030241455,1.7154718439858418,0.0,0.0,487.9900820720941,762.0088137052953,1.1607990120828193,0.4993
MR-ART,/run/media/falconnier/Elements1/datasets/BIDS_datasets/MR-ART/sub-000103/anat/sub-000103_acq-standard_T1w.nii.gz,,sub-000103,,192,256,256,1.0,1.0,1.0,10.574841499328613,3,Siemens,Prisma,12582912,8556569,0.6800150076548258,93.07971674688707,2.998092770576477,156.6869599245533,2.998092770576477,2.024968731480671,1.6397389480369304,0.0,0.0,419.00220276787877,583.9909955486655,1.2185269219205883,0.4772
MR-ART,/run/media/falconnier/Elements1/datasets/BIDS_datasets/MR-ART/sub-000149/anat/sub-000149_acq-standard_T1w.nii.gz,,sub-000149,,192,256,256,1.0,1.0,1.0,9.800992965698242,3,Siemens,Prisma,12582912,8431459,0.6700721581776937,82.13594198201336,1.9984283465892076,154.11248034607786,1.9984283465892076,3.1856915629969826,1.945469427863859,0.0,0.0,431.99654178880155,606.0012895949185,1.2182983135375076,0.4361
MR-ART,/run/media/falconnier/Elements1/datasets/BIDS_datasets/MR-ART/sub-000159/anat/sub-000159_acq-standard_T1w.nii.gz,,sub-000159,,192,256,256,1.0,1.0,1.0,9.4876708984375,3,Siemens,Prisma,12582912,8113598,0.6448108355204264,84.00540614135961,1.9942626543343067,158.9446548303898,1.9942626543343067,2.7686670933230353,1.8969987981835044,0.0,0.0,449.9925335869193,609.0004262141883,1.0822325405101694,0.4322
MR-ART,/run/media/falconnier/Elements1/datasets/BIDS_datasets/MR-ART/sub-000179/anat/sub-000179_acq-standard_T1w.nii.gz,,sub-000179,,192,256,256,1.0,1.0,1.0,10.390986442565918,3,Siemens,Prisma,12582912,8658563,0.6881207625071207,84.377619303175,2.991744786500931,150.17119288748654,2.991744786500931,2.7902851209720163,1.8461261186665814,0.0,0.0,416.0055122729391,603.992475874722,1.3150673278117164,0.4569
MR-ART,/run/media/falconnier/Elements1/datasets/BIDS_datasets/MR-ART/sub-000183/anat/sub-000183_acq-standard_T1w.nii.gz,,sub-000183,,192,256,256,1.0,1.0,1.0,11.061634063720703,3,Siemens,Prisma,12582912,8613767,0.6845606962839762,112.31460554293567,4.001831039786339,177.90888896110854,4.001831039786339,2.1294413007292174,1.6149465254597706,0.0,0.0,467.99190770834684,706.9901503622532,1.111041065228638,0.5024
MR-ART,/run/media/falconnier/Elements1/datasets/BIDS_datasets/MR-ART/sub-010769/anat/sub-010769_acq-standard_T1w.nii.gz,,sub-010769,,192,256,256,1.0,1.0,1.0,11.14919376373291,3,Siemens,Prisma,12582912,9315733,0.7403479417165121,97.9640153475428,2.9939573872834444,161.82961101731019,2.9939573872834444,2.478710063901427,1.7107556074186108,0.0,0.0,433.00773053243756,641.008048189804,1.3379691999261918,0.4862
MR-ART,/run/media/falconnier/Elements1/datasets/BIDS_datasets/MR-ART/sub-009673/anat/sub-009673_acq-standard_T1w.nii.gz,,sub-009673,,192,256,256,1.0,1.0,1.0,9.527777671813965,3,Siemens,Prisma,12582912,8191642,0.6510132153828939,78.95901365274938,1.9917601011693478,149.37138395773493,1.9917601011693478,2.9575351827576783,1.9191831636376082,0.0,0.0,422.00853933021426,562.0083085466176,1.2055905455645806,0.4324
MR-ART,/run/media/falconnier/Elements1/datasets/BIDS_datasets/MR-ART/sub-012059/anat/sub-012059_acq-standard_T1w.nii.gz,,sub-012059,,192,256,256,1.0,1.0,1.0,8.081927299499512,3,Siemens,Prisma,12582912,7814783,0.6210631529490153,65.04869721559179,1.9990539401769638,129.55032300793272,1.9990539401769638,3.1346010796909596,2.001360398395278,0.0,0.0,376.990127325058,474.0003966242075,0.9208983685473572,0.4132
MR-ART,/run/media/falconnier/Elements1/datasets/BIDS_datasets/MR-ART/sub-012322/anat/sub-012322_acq-standard_T1w.nii.gz,,sub-012322,,192,256,256,1.0,1.0,1.0,9.019594192504883,3,Siemens,Prisma,12582912,7829903,0.6222647825876871,75.97219437921831,1.998580964282155,146.4340073208294,1.998580964282155,2.997538818567288,1.9350391383228605,0.0,0.0,415.99035213701427,532.0118704531342,0.8242719851731868,0.425
MR-ART,/run/media/falconnier/Elements1/datasets/BIDS_datasets/MR-ART/sub-105822/anat/sub-105822_acq-standard_T1w.nii.gz,,sub-105822,,192,256,256,1.0,1.0,1.0,8.373072624206543,3,Siemens,MAGNETOM Prisma,12582912,7155889,0.5686989625295004,56.08408326216668,1.0013733291998506,109.92662297112523,1.0013733291998506,4.741729952442127,2.201168003564564,0.0,0.0,289.9977161362767,479.0035941116512,1.4417268971935338,0.4201
MR-ART,/run/media/falconnier/Elements1/datasets/BIDS_datasets/MR-ART/sub-016504/anat/sub-016504_acq-standard_T1w.nii.gz,,sub-016504,,192,256,256,1.0,1.0,1.0,9.77414608001709,3,Siemens,Prisma,12582912,8274738,0.6576170921325684,77.44403384606271,1.9974060766398907,141.4952578656842,1.9974060766398907,2.5362158509575163,1.8237271953664838,0.0,0.0,400.9918585792184,509.0028510428965,1.271729018857088,0.4458
MR-ART,/run/media/falconnier/Elements1/datasets/BIDS_datasets/MR-ART/sub-089207/anat/sub-089207_acq-standard_T1w.nii.gz,,sub-089207,,192,256,256,1.0,1.0,1.0,10.428217887878418,3,Siemens,Prisma,12582912,8651706,0.6875758171081543,93.30034154967443,3.0009613931179047,158.88514837192582,3.0009613931179047,1.8674811767340946,1.6382552319843362,0.0,0.0,435.9915268421173,569.9974201619625,1.2266587687233232,0.4727
MR-ART,/run/media/falconnier/Elements1/datasets/BIDS_datasets/MR-ART/sub-067018/anat/sub-067018_acq-standard_T1w.nii.gz,,sub-067018,,192,256,256,1.0,1.0,1.0,9.499048233032227,3,Siemens,Prisma,12582912,8244054,0.6551785469055176,79.05088206784605,1.9935911558568478,147.84774147395834,1.9935911558568478,3.0599461803847436,1.9184485167570253,0.0,0.0,417.9896123446524,567.994567392394,0.8635359783568576,0.437
MR-ART,/run/media/falconnier/Elements1/datasets/BIDS_datasets/MR-ART/sub-118003/anat/sub-118003_acq-standard_T1w.nii.gz,,sub-118003,,192,256,256,1.0,1.0,1.0,8.712581634521484,3,Siemens,Prisma,12582912,7568027,0.6014527479807535,69.22060309037256,2.002319322898984,138.110567838076,2.002319322898984,3.7375709229641165,2.077611442505219,0.0,0.0,392.00746743939817,549.9962940141559,1.0542191465367319,0.4125
MR-ART,/run/media/falconnier/Elements1/datasets/BIDS_datasets/MR-ART/sub-108142/anat/sub-108142_acq-standard_T1w.nii.gz,,sub-108142,,192,256,256,1.0,1.0,1.0,9.605709075927734,3,Siemens,Prisma,12582912,8126200,0.6458123524983724,78.47852658124249,2.005310207605362,139.40923575573163,2.005310207605362,1.7105120917767769,1.6758190031692137,0.0,0.0,392.99987599253654,497.0099962502718,1.068558481509874,0.4561
MR-ART,/run/media/falconnier/Elements1/datasets/BIDS_datasets/MR-ART/sub-127867/anat/sub-127867_acq-standard_T1w.nii.gz,,sub-127867,,192,256,256,1.0,1.0,1.0,9.352474212646484,3,Siemens,Prisma,12582912,7665315,0.6091845035552979,74.87487116215759,2.0087740160524845,142.28059910938333,2.0087740160524845,4.128135979241987,2.0902835479399555,0.0,0.0,380.9915461242199,592.997200243175,1.2176362496167294,0.4321
MR-ART,/run/media/falconnier/Elements1/datasets/BIDS_datasets/MR-ART/sub-107738/anat/sub-107738_acq-standard_T1w.nii.gz,,sub-107738,,192,256,256,1.0,1.0,1.0,9.201213836669922,3,Siemens,MAGNETOM Prisma,12582912,8335062,0.6624112129211426,63.645139726786795,2.0019836723804474,104.03814894768772,2.0019836723804474,2.7600848769173583,1.732691545783824,0.0,0.0,274.00320433080196,420.00152580440044,1.7408817779525516,0.4904
MR-ART,/run/media/falconnier/Elements1/datasets/BIDS_datasets/MR-ART/sub-125171/anat/sub-125171_acq-standard_T1w.nii.gz,,sub-125171,,192,256,256,1.0,1.0,1.0,9.524932861328125,3,Siemens,Prisma,12582912,8106659,0.6442593733469645,72.64958377948061,2.0006409287452698,131.3629445061077,2.0006409287452698,2.6568050461754256,1.8185090129746961,0.0,0.0,367.0064637064934,481.0059477388859,1.163773160414177,0.4498
MR-ART,/run/media/falconnier/Elements1/datasets/BIDS_datasets/MR-ART/sub-132674/anat/sub-132674_acq-standard_T1w.nii.gz,,sub-132674,,192,256,256,1.0,1.0,1.0,8.888988494873047,3,Siemens,Prisma,12582912,7485544,0.5948975880940756,80.25909031295733,1.9938201606273651,159.77425636353104,1.9938201606273651,3.9101872807865723,2.1064153005506046,0.0,0.0,447.00161665678024,666.000250428915,0.9885802180677921,0.4136
MR-ART,/run/media/falconnier/Elements1/datasets/BIDS_datasets/MR-ART/sub-122916/anat/sub-122916_acq-standard_T1w.nii.gz,,sub-122916,,192,256,256,1.0,1.0,1.0,8.35489559173584,3,Siemens,Prisma,12582912,7309316,0.5808922449747721,65.65012512347471,1.999008096754551,136.19128182772312,1.999008096754551,3.85454088934764,2.1435268129705687,0.0,0.0,397.0030080154538,515.99659524858,0.9511286718018807,0.3982
MR-ART,/run/media/falconnier/Elements1/datasets/BIDS_datasets/MR-ART/sub-136038/anat/sub-136038_acq-standard_T1w.nii.gz,,sub-136038,,192,256,256,1.0,1.0,1.0,7.875587463378906,3,Siemens,MAGNETOM Prisma,12582912,6760714,0.537293275197347,50.258753344693275,0.9984893761575222,104.59897940496822,0.9984893761575222,5.160929668440513,2.3159365990657297,0.0,0.0,283.99890684708953,458.9960567969829,1.5309209705954028,0.398
MR-ART,/run/media/falconnier/Elements1/datasets/BIDS_datasets/MR-ART/sub-149050/anat/sub-149050_acq-standard_T1w.nii.gz,,sub-149050,,192,256,256,1.0,1.0,1.0,10.048456192016602,3,Siemens,Prisma,12582912,8466983,0.672895352045695,92.77265059512888,3.0082245767116547,161.3329062116918,3.0082245767116547,2.6395037889982307,1.7715282184619143,0.0,0.0,435.99465411156416,630.0053483583033,1.143070202775616,0.4651
MR-ART,/run/media/falconnier/Elements1/datasets/BIDS_datasets/MR-ART/sub-143104/anat/sub-143104_acq-standard_T1w.nii.gz,,sub-143104,,192,256,256,1.0,1.0,1.0,10.477202415466309,3,Siemens,Prisma,12582912,8821689,0.7010848522186279,89.90385870513508,2.996642906218767,156.4720737544714,2.996642906218767,2.2765659809403616,1.736129714725362,0.0,0.0,433.0052333585918,594.9979489147663,1.1970496565083288,0.4651
MR-ART,/run/media/falconnier/Elements1/datasets/BIDS_datasets/MR-ART/sub-171967/anat/sub-171967_acq-standard_T1w.nii.gz,,sub-171967,,192,256,256,1.0,1.0,1.0,10.824800491333008,3,Siemens,Prisma,12582912,8812193,0.7003301779429117,110.19431492523609,3.989318683743477,168.0322060750576,3.989318683743477,1.5438371842106093,1.4631672817728523,0.0,0.0,441.0052642598748,635.994811784476,1.084426940160121,0.5173
MR-ART,/run/media/falconnier/Elements1/datasets/BIDS_datasets/MR-ART/sub-152686/anat/sub-152686_acq-standard_T1w.nii.gz,,sub-152686,,192,256,256,1.0,1.0,1.0,8.140901565551758,3,Siemens,Prisma,12582912,6950403,0.5523684024810791,67.29410949995392,0.9956816658377647,136.01651847103057,0.9956816658377647,3.2715639449580873,2.0375760300774086,0.0,0.0,398.9967984557152,502.00459261238575,0.9076725140955728,0.4072
MR-ART,/run/media/falconnier/Elements1/datasets/BIDS_datasets/MR-ART/sub-177856/anat/sub-177856_acq-standard_T1w.nii.gz,,sub-177856,,192,256,256,1.0,1.0,1.0,8.618983268737793,3,Siemens,Prisma,12582912,7079367,0.5626175403594971,70.46739312598149,2.0032043755054474,139.13515207800518,2.0032043755054474,3.53923798506852,2.0364948846511903,0.0,0.0,398.9882314912975,523.0116223897785,0.8508850766663396,0.4163
MR-ART,/run/media/falconnier/Elements1/datasets/BIDS_datasets/MR-ART/sub-182744/anat/sub-182744_acq-standard_T1w.nii.gz,,sub-182744,,192,256,256,1.0,1.0,1.0,9.802031517028809,3,Siemens,Prisma,12582912,8450100,0.6715536117553711,78.19284435367992,1.9979552179574966,143.2333516386426,1.9979552179574966,2.953636542697449,1.8792691036482057,0.0,0.0,398.9954992476851,542.0029861945659,1.1261681217966526,0.445
MR-ART,/run/media/falconnier/Elements1/datasets/BIDS_datasets/MR-ART/sub-153486/anat/sub-153486_acq-standard_T1w.nii.gz,,sub-153486,,192,256,256,1.0,1.0,1.0,10.113883018493652,3,Siemens,Prisma,12582912,8090013,0.6429364681243896,95.60079942239383,1.996124267578125,177.03408931103806,1.996124267578125,2.613705054650473,1.8501037972114187,0.0,0.0,497.0037531852722,687.009831905365,0.7388676021641761,0.4402
MR-ART,/run/media/falconnier/Elements1/datasets/BIDS_datasets/MR-ART/sub-169618/anat/sub-169618_acq-standard_T1w.nii.gz,,sub-169618,,192,256,256,1.0,1.0,1.0,10.124197006225586,3,Siemens,Prisma,12582912,9025384,0.7172730763753256,83.74041048612473,2.9906614422798157,145.96303770470595,2.9906614422798157,2.398772096034625,1.7462248589625817,0.0,0.0,403.99340319633484,534.9961024522781,1.1581958231778482,0.4644
MR-ART,/run/media/falconnier/Elements1/datasets/BIDS_datasets/MR-ART/sub-185823/anat/sub-185823_acq-standard_T1w.nii.gz,,sub-185823,,192,256,256,1.0,1.0,1.0,7.937094688415527,3,Siemens,MAGNETOM Prisma,12582912,6968052,0.5537710189819336,48.26017850597227,0.9983825646340847,93.99256029551738,0.9983825646340847,3.148841783585709,1.9741957337073506,0.0,0.0,266.99602299928665,347.9966655783355,1.6795560179188376,0.4211
MR-ART,/run/media/falconnier/Elements1/datasets/BIDS_datasets/MR-ART/sub-196711/anat/sub-196711_acq-standard_T1w.nii.gz,,sub-196711,,192,256,256,1.0,1.0,1.0,9.152992248535156,3,Siemens,Prisma,12582912,7491658,0.5953834851582845,80.29296817596372,1.996658317744732,154.1558853790358,1.996658317744732,3.8531812899433184,2.050431909141606,0.0,0.0,426.99964309483767,636.9973893389106,0.7072718592473773,0.4273
MR-ART,/run/media/falconnier/Elements1/datasets/BIDS_datasets/MR-ART/sub-195765/anat/sub-195765_acq-standard_T1w.nii.gz,,sub-195765,,192,256,256,1.0,1.0,1.0,7.774271011352539,3,Siemens,MAGNETOM Prisma,12582912,6544087,0.5200773080190023,48.42275013303964,1.0053253984078765,98.20144042247512,1.0053253984078765,4.1090899381353765,2.1488727143395465,0.0,0.0,274.0008849594742,405.00251764431596,1.6547203351317032,0.4065
MR-ART,/run/media/falconnier/Elements1/datasets/BIDS_datasets/MR-ART/sub-212152/anat/sub-212152_acq-standard_T1w.nii.gz,,sub-212152,,192,256,256,1.0,1.0,1.0,8.40230655670166,3,Siemens,MAGNETOM Prisma,12582912,7242160,0.575555165608724,53.12675872690726,0.9956512190401554,98.1867859667824,0.9956512190401554,2.7343585275187134,1.8553369667195896,0.0,0.0,271.0002398490906,365.999099265784,1.6844250240380534,0.4408
MR-ART,/run/media/falconnier/Elements1/datasets/BIDS_datasets/MR-ART/sub-217720/anat/sub-217720_acq-standard_T1w.nii.gz,,sub-217720,,192,256,256,1.0,1.0,1.0,10.84931755065918,3,Siemens,Prisma,12582912,8998122,0.7151064872741699,99.07615642793725,3.991943195462227,169.27799051217272,3.991943195462227,3.429294588549869,1.8648074194305517,0.0,0.0,449.00077360123396,679.0016867816448,1.0551956570004415,0.4736
MR-ART,/run/media/falconnier/Elements1/datasets/BIDS_datasets/MR-ART/sub-219843/anat/sub-219843_acq-standard_T1w.nii.gz,,sub-219843,,192,256,256,1.0,1.0,1.0,9.222834587097168,3,Siemens,Prisma,12582912,8168160,0.6491470336914062,69.24286592428292,2.007232829928398,131.4660784745046,2.007232829928398,2.6690147572159786,1.88540200162872,0.0,0.0,375.99277725443244,480.99181873723865,1.183839629711401,0.4309
MR-ART,/run/media/falconnier/Elements1/datasets/BIDS_datasets/MR-ART/sub-253306/anat/sub-253306_acq-standard_T1w.nii.gz,,sub-253306,,192,256,256,1.0,1.0,1.0,9.345312118530273,3,Siemens,Prisma,12582912,7981128,0.6342830657958984,83.4627027496797,2.0050964951515198,155.6236106118409,2.0050964951515198,2.626098505200286,1.8513227423348448,0.0,0.0,440.01314929127693,574.9878028333187,0.8387096179086234,0.4375
MR-ART,/run/media/falconnier/Elements1/datasets/BIDS_datasets/MR-ART/sub-228373/anat/sub-228373_acq-standard_T1w.nii.gz,,sub-228373,,192,256,256,1.0,1.0,1.0,10.65558910369873,3,Siemens,Prisma,12582912,8691432,0.6907329559326172,107.03097456294024,3.004562446847558,185.6452932555205,3.004562446847558,2.415936774862292,1.7781083793645078,0.0,0.0,502.99693281948566,738.9933316353709,1.2757005182028762,0.4666
MR-ART,/run/media/falconnier/Elements1/datasets/BIDS_datasets/MR-ART/sub-253493/anat/sub-253493_acq-standard_T1w.nii.gz,,sub-253493,,192,256,256,1.0,1.0,1.0,8.728326797485352,3,Siemens,MAGNETOM Prisma,12582912,7412595,0.5891001224517822,55.9298141676548,0.9950102996081114,101.3090000195644,0.9950102996081114,3.1254870417500893,1.8810516925762273,0.0,0.0,276.995559560135,376.9940946707502,1.5480723085819306,0.4492
MR-ART,/run/media/falconnier/Elements1/datasets/BIDS_datasets/MR-ART/sub-258056/anat/sub-258056_acq-standard_T1w.nii.gz,,sub-258056,,192,256,256,1.0,1.0,1.0,8.961945533752441,3,Siemens,MAGNETOM Prisma,12582912,7639735,0.6071515878041586,59.28607244177237,0.9999084267765284,101.19926247583437,0.9999084267765284,1.7242766486340528,1.6188686010837225,0.0,0.0,274.99950646050274,365.003609418869,1.6042413838926513,0.4712
MR-ART,/run/media/falconnier/Elements1/datasets/BIDS_datasets/MR-ART/sub-261051/anat/sub-261051_acq-standard_T1w.nii.gz,,sub-261051,,192,256,256,1.0,1.0,1.0,8.674131393432617,3,Siemens,Prisma,12582912,7576269,0.6021077632904053,69.14001500204766,1.9888304136693478,138.55089338982245,1.9888304136693478,3.6058141077604278,2.0721293733131025,0.0,0.0,398.9899783730507,530.9922226238996,0.8220799177484036,0.4109
MR-ART,/run/media/falconnier/Elements1/datasets/BIDS_datasets/MR-ART/sub-262577/anat/sub-262577_acq-standard_T1w.nii.gz,,sub-262577,,192,256,256,1.0,1.0,1.0,8.096415519714355,3,Siemens,MAGNETOM Prisma,12582912,6996724,0.556049664815267,51.526813329286,1.002288873307407,101.11555805382258,1.002288873307407,3.881328204779387,2.0766554128501857,0.0,0.0,277.00038700923324,413.0006186114624,1.636654276599922,0.4187
MR-ART,/run/media/falconnier/Elements1/datasets/BIDS_datasets/MR-ART/sub-257563/anat/sub-257563_acq-standard_T1w.nii.gz,,sub-257563,,192,256,256,1.0,1.0,1.0,10.198919296264648,3,Siemens,Prisma,12582912,8473471,0.673410971959432,89.30752590373358,3.0006866231560707,151.57039753345725,3.0006866231560707,2.147865401521705,1.668032788727637,0.0,0.0,412.00731982290745,546.9947296530008,1.0562833016842819,0.4743
MR-ART,/run/media/falconnier/Elements1/datasets/BIDS_datasets/MR-ART/sub-275147/anat/sub-275147_acq-standard_T1w.nii.gz,,sub-275147,,192,256,256,1.0,1.0,1.0,11.202652931213379,3,Siemens,Prisma,12582912,9104966,0.7235976854960123,100.44436960932735,3.992065403610468,168.85943385465094,3.992065403610468,2.6858949333005118,1.7846542930178975,0.0,0.0,456.9945939220488,680.995972564444,1.265376553646176,0.4801
MR-ART,/run/media/falconnier/Elements1/datasets/BIDS_datasets/MR-ART/sub-278729/anat/sub-278729_acq-standard_T1w.nii.gz,,sub-278729,,192,256,256,1.0,1.0,1.0,9.264426231384277,3,Siemens,Prisma,12582912,8220030,0.6532692909240723,76.31341121846697,2.0032348930835724,148.28035825390668,2.0032348930835724,3.680320886541611,2.0421026856246542,0.0,0.0,418.99367867410183,579.0081731826067,0.8765455087305335,0.4228
MR-ART,/run/media/falconnier/Elements1/datasets/BIDS_datasets/MR-ART/sub-275211/anat/sub-275211_acq-standard_T1w.nii.gz,,sub-275211,,192,256,256,1.0,1.0,1.0,10.525688171386719,3,Siemens,Prisma,12582912,9183131,0.7298096815745035,99.51402654457631,3.0024872198700905,162.16499282960817,3.0024872198700905,3.0626396958793825,1.765182666913913,0.0,0.0,419.00444027781487,660.0012816041708,1.1518992904972414,0.4921
MR-ART,/run/media/falconnier/Elements1/datasets/BIDS_datasets/MR-ART/sub-281888/anat/sub-281888_acq-standard_T1w.nii.gz,,sub-281888,,192,256,256,1.0,1.0,1.0,8.499319076538086,3,Siemens,Prisma,12582912,7109836,0.5650389989217123,73.13239433731007,2.0127260237932205,140.95323219016547,2.0127260237932205,3.1423553447127626,1.9483918551703143,0.0,0.0,398.99497968889773,529.0114899203181,0.7664521513009592,0.4248
MR-ART,/run/media/falconnier/Elements1/datasets/BIDS_datasets/MR-ART/sub-279373/anat/sub-279373_acq-standard_T1w.nii.gz,,sub-279373,,192,256,256,1.0,1.0,1.0,8.75027084350586,3,Siemens,MAGNETOM Prisma,12582912,8804855,0.6997470060984293,61.058216912263596,2.0068665593862534,104.73244987850532,2.0068665593862534,2.8076393298034183,1.7999469797089556,0.0,0.0,274.9993132799864,432.0036620646715,1.4585426673628135,0.4715
MR-ART,/run/media/falconnier/Elements1/datasets/BIDS_datasets/MR-ART/sub-282628/anat/sub-282628_acq-standard_T1w.nii.gz,,sub-282628,,192,256,256,1.0,1.0,1.0,9.428271293640137,3,Siemens,Prisma,12582912,8375984,0.6656634012858073,73.74096415573992,2.0075227227061987,139.3436962623045,2.0075227227061987,3.646809853729258,2.011398015754318,0.0,0.0,386.99144449085,558.9937812555581,1.1635560708105699,0.4338
MR-ART,/run/media/falconnier/Elements1/datasets/BIDS_datasets/MR-ART/sub-292213/anat/sub-292213_acq-standard_T1w.nii.gz,,sub-292213,,192,256,256,1.0,1.0,1.0,9.870404243469238,3,Siemens,Prisma,12582912,8410200,0.6683826446533203,81.8571905825742,3.00376895070076,147.83926468797253,3.00376895070076,2.825919944838983,1.8473589599224836,0.0,0.0,409.9885672107339,574.988703019917,0.8706446536984033,0.4506
MR-ART,/run/media/falconnier/Elements1/datasets/BIDS_datasets/MR-ART/sub-292060/anat/sub-292060_acq-standard_T1w.nii.gz,,sub-292060,,192,256,256,1.0,1.0,1.0,9.301021575927734,3,Siemens,Prisma,12582912,8135737,0.6465702851613363,70.05018203202094,2.009063810110092,135.3033813870449,2.009063810110092,3.736732264276605,2.044291181211674,0.0,0.0,378.99829702451825,536.9995749369264,1.0898097814227081,0.4253
MR-ART,/run/media/falconnier/Elements1/datasets/BIDS_datasets/MR-ART/sub-313623/anat/sub-313623_acq-standard_T1w.nii.gz,,sub-313623,,192,256,256,1.0,1.0,1.0,7.517557144165039,3,Siemens,MAGNETOM Prisma,12582912,6716052,0.5337438583374023,45.6546760472875,0.9983978234231472,91.4153422404201,0.9983978234231472,3.5501318305846343,2.057971711471724,0.0,0.0,260.0049798376858,343.0051188915968,1.6107129858853975,0.4108
MR-ART,/run/media/falconnier/Elements1/datasets/BIDS_datasets/MR-ART/sub-307592/anat/sub-307592_acq-standard_T1w.nii.gz,,sub-307592,,192,256,256,1.0,1.0,1.0,8.38487434387207,3,Siemens,MAGNETOM Prisma,12582912,7173365,0.5700878302256266,59.20313737924232,1.0022277990356088,116.14488849948498,1.0022277990356088,5.1597500222699235,2.26068540448155,0.0,0.0,304.00042174384,515.0019133044407,1.5376864081196664,0.4206
MR-ART,/run/media/falconnier/Elements1/datasets/BIDS_datasets/MR-ART/sub-337488/anat/sub-337488_acq-standard_T1w.nii.gz,,sub-337488,,192,256,256,1.0,1.0,1.0,9.560392379760742,3,Siemens,Prisma,12582912,8180338,0.6501148541768392,79.13145021383751,2.0007629692554474,152.69376623312985,2.0007629692554474,3.432450387861272,2.0117665061325067,0.0,0.0,432.9901160839945,613.0087642427534,0.8708489379700118,0.4255
MR-ART,/run/media/falconnier/Elements1/datasets/BIDS_datasets/MR-ART/sub-335448/anat/sub-335448_acq-standard_T1w.nii.gz,,sub-335448,,192,256,256,1.0,1.0,1.0,10.67281436920166,3,Siemens,Prisma,12582912,9000553,0.7152996857961019,91.0124743244426,3.0027619674801826,156.56848385918144,3.0027619674801826,2.727987964740251,1.7916879146134324,0.0,0.0,430.99479354545474,616.0092337876558,0.9547624873335439,0.4702
MR-ART,/run/media/falconnier/Elements1/datasets/BIDS_datasets/MR-ART/sub-351288/anat/sub-351288_acq-standard_T1w.nii.gz,,sub-351288,,192,256,256,1.0,1.0,1.0,11.0927095413208,3,Siemens,Prisma,12582912,9145207,0.7267957528432211,101.11419185534226,3.0057222694158554,160.02818849398219,3.0057222694158554,1.3547294238148115,1.4771368647523722,0.0,0.0,434.9913983643055,551.0081885457039,1.1652058823535858,0.502
MR-ART,/run/media/falconnier/Elements1/datasets/BIDS_datasets/MR-ART/sub-365622/anat/sub-365622_acq-standard_T1w.nii.gz,,sub-365622,,192,256,256,1.0,1.0,1.0,10.456352233886719,3,Siemens,Prisma,12582912,8848696,0.7032311757405599,90.39087545750374,2.9919891729950905,161.55999008306608,2.9919891729950905,3.0179006200795087,1.8945516748360596,0.0,0.0,435.9954455345869,642.0078163240105,1.314421340541876,0.4557
MR-ART,/run/media/falconnier/Elements1/datasets/BIDS_datasets/MR-ART/sub-402511/anat/sub-402511_acq-standard_T1w.nii.gz,,sub-402511,,192,256,256,1.0,1.0,1.0,9.38071060180664,3,Siemens,Prisma,12582912,8075963,0.6418198744455973,68.77059522915071,2.010009963065386,130.9999415412321,2.010009963065386,3.194040053611557,1.957992768793297,0.0,0.0,371.99689543247223,483.997966054827,1.0160714069000498,0.4303
MR-ART,/run/media/falconnier/Elements1/datasets/BIDS_datasets/MR-ART/sub-407309/anat/sub-407309_acq-standard_T1w.nii.gz,,sub-407309,,192,256,256,1.0,1.0,1.0,8.33119010925293,3,Siemens,Prisma,12582912,7240370,0.57541290918986,74.53051109668078,2.002609269693494,149.77772265075066,2.002609269693494,3.1280816393655373,2.013269187413199,0.0,0.0,434.00878420099616,558.9963771775365,0.9983204408516528,0.4093
MR-ART,/run/media/falconnier/Elements1/datasets/BIDS_datasets/MR-ART/sub-367500/anat/sub-367500_acq-standard_T1w.nii.gz,,sub-367500,,192,256,256,1.0,1.0,1.0,9.402475357055664,3,Siemens,Prisma,12582912,7880023,0.6262479623158773,80.4585204923793,2.0072327256202698,155.3588343956923,2.0072327256202698,4.0416257529725055,2.093689828306947,0.0,0.0,430.99747136235237,655.9933915138245,1.1615013283672329,0.4256
MR-ART,/run/media/falconnier/Elements1/datasets/BIDS_datasets/MR-ART/sub-401697/anat/sub-401697_acq-standard_T1w.nii.gz,,sub-401697,,192,256,256,1.0,1.0,1.0,9.319793701171875,3,Siemens,Prisma,12582912,8150559,0.6477482318878174,77.93180719320274,1.9982604905962944,144.90427792914363,1.9982604905962944,2.5376339946165105,1.8366630687440777,0.0,0.0,407.00284206680954,526.9936267640442,0.9032749296127048,0.4386
MR-ART,/run/media/falconnier/Elements1/datasets/BIDS_datasets/MR-ART/sub-409228/anat/sub-409228_acq-standard_T1w.nii.gz,,sub-409228,,192,256,256,1.0,1.0,1.0,10.002367973327637,3,Siemens,MAGNETOM Prisma,12582912,8864917,0.7045203049977621,67.66156242146472,1.9965667622163892,113.42762230614998,1.9965667622163892,2.8989349984609873,1.7981735025814574,0.0,0.0,293.9971832865849,480.00519819930196,1.9777341965896382,0.4807
MR-ART,/run/media/falconnier/Elements1/datasets/BIDS_datasets/MR-ART/sub-436999/anat/sub-436999_acq-standard_T1w.nii.gz,,sub-436999,,192,256,256,1.0,1.0,1.0,9.91801643371582,3,Siemens,Prisma,12582912,8101454,0.6438457171122233,100.98181490754507,2.098451230674982,172.89096701737452,2.098451230674982,2.4800119307608313,1.7242180578580955,0.0,0.0,462.99870770424604,676.9960853345692,1.03607609885307,0.4706
MR-ART,/run/media/falconnier/Elements1/datasets/BIDS_datasets/MR-ART/sub-424015/anat/sub-424015_acq-standard_T1w.nii.gz,,sub-424015,,192,256,256,1.0,1.0,1.0,9.927545547485352,3,Siemens,MAGNETOM Prisma,12582912,8607181,0.6840372880299886,64.74786555600825,2.003067028708756,108.99320296871927,2.003067028708756,2.52701655422172,1.7302229076226405,0.0,0.0,293.006464750506,423.9961473830044,1.574563027400504,0.4785
MR-ART,/run/media/falconnier/Elements1/datasets/BIDS_datasets/MR-ART/sub-440735/anat/sub-440735_acq-standard_T1w.nii.gz,,sub-440735,,192,256,256,1.0,1.0,1.0,10.884378433227539,3,Siemens,Prisma,12582912,9443583,0.7505085468292236,102.25972286012124,3.0021514650434256,169.73091216365216,3.0021514650434256,1.7833428577516877,1.6066252804164316,0.0,0.0,459.00662895292044,651.9879024662077,0.9458082025548168,0.4831
MR-ART,/run/media/falconnier/Elements1/datasets/BIDS_datasets/MR-ART/sub-441269/anat/sub-441269_acq-standard_T1w.nii.gz,,sub-441269,,192,256,256,1.0,1.0,1.0,9.424474716186523,3,Siemens,Prisma,12582912,8026905,0.6379210948944092,73.72672557698264,2.005172872915864,138.9398466109179,2.005172872915864,3.6478292250626785,2.009552406994661,0.0,0.0,381.99621278978884,566.9895810652524,1.0011407920560296,0.4347
MR-ART,/run/media/falconnier/Elements1/datasets/BIDS_datasets/MR-ART/sub-453666/anat/sub-453666_acq-standard_T1w.nii.gz,,sub-453666,,192,256,256,1.0,1.0,1.0,8.737921714782715,3,Siemens,MAGNETOM Prisma,12582912,7498152,0.5958995819091797,56.67287438781711,0.9997711144387722,103.03679392275592,0.9997711144387722,2.966746325829021,1.8852797713660443,0.0,0.0,286.0011901371181,402.99662766233087,1.7942027091564619,0.448
MR-ART,/run/media/falconnier/Elements1/datasets/BIDS_datasets/MR-ART/sub-460834/anat/sub-460834_acq-standard_T1w.nii.gz,,sub-460834,,192,256,256,1.0,1.0,1.0,11.975732803344727,3,Siemens,Prisma,12582912,9812828,0.7798535029093424,109.31742686030009,4.005127223208547,172.57414666200853,4.005127223208547,2.142565675782402,1.617150564408473,0.0,0.0,456.00405022501945,682.9999564215541,1.2894249693928956,0.5046
MR-ART,/run/media/falconnier/Elements1/datasets/BIDS_datasets/MR-ART/sub-508037/anat/sub-508037_acq-standard_T1w.nii.gz,,sub-508037,,192,256,256,1.0,1.0,1.0,9.303711891174316,3,Siemens,Prisma,12582912,8181146,0.6501790682474772,81.59691700609841,1.9995879214257002,157.9877163405493,1.9995879214257002,3.2426862456907584,1.9994849198470008,0.0,0.0,448.00684751942754,641.999926937744,1.264661821399852,0.424
MR-ART,/run/media/falconnier/Elements1/datasets/BIDS_datasets/MR-ART/sub-468609/anat/sub-468609_acq-standard_T1w.nii.gz,,sub-468609,,192,256,256,1.0,1.0,1.0,8.1043701171875,3,Siemens,MAGNETOM Prisma,12582912,6990882,0.5555853843688965,52.37087769828086,1.0018005836755037,102.86484131185615,1.0018005836755037,3.807380730259447,2.06313362445328,0.0,0.0,284.99416122585535,411.0037768110633,1.533292785617684,0.4183
MR-ART,/run/media/falconnier/Elements1/datasets/BIDS_datasets/MR-ART/sub-502250/anat/sub-502250_acq-standard_T1w.nii.gz,,sub-502250,,192,256,256,1.0,1.0,1.0,9.68298053741455,3,Siemens,Prisma,12582912,8172265,0.6494732697804769,86.89530811123795,2.007476896047592,152.54302940448758,2.007476896047592,2.0215514860115853,1.6879018688159098,0.0,0.0,419.0028940625489,540.9957208223641,1.1579334484876382,0.4605
MR-ART,/run/media/falconnier/Elements1/datasets/BIDS_datasets/MR-ART/sub-513281/anat/sub-513281_acq-standard_T1w.nii.gz,,sub-513281,,192,256,256,1.0,1.0,1.0,10.663905143737793,3,Siemens,Prisma,12582912,8876666,0.7054540316263834,88.99553475783519,3.000305213034153,147.0745567340565,3.000305213034153,1.3148040846299738,1.5277975361970997,0.0,0.0,409.9927564188838,507.00961869210005,1.1041524973908392,0.4846
MR-ART,/run/media/falconnier/Elements1/datasets/BIDS_datasets/MR-ART/sub-517724/anat/sub-517724_acq-standard_T1w.nii.gz,,sub-517724,,192,256,256,1.0,1.0,1.0,10.415047645568848,3,Siemens,Prisma,12582912,8548686,0.6793885231018066,102.10698846551793,3.0035858005285263,178.72924586763523,3.0035858005285263,2.805006025696401,1.813985033399631,0.0,0.0,478.99075718969107,729.9931165203452,1.1313901732022515,0.4627
MR-ART,/run/media/falconnier/Elements1/datasets/BIDS_datasets/MR-ART/sub-519991/anat/sub-519991_acq-standard_T1w.nii.gz,,sub-519991,,192,256,256,1.0,1.0,1.0,10.141331672668457,3,Siemens,Prisma,12582912,8302261,0.6598044236501058,91.6298299713249,2.993041779845953,160.02485706207813,2.993041779845953,1.5646287960402878,1.6367797584471084,0.0,0.0,448.99590991437435,561.0070297680795,1.1558042076668409,0.4629
MR-ART,/run/media/falconnier/Elements1/datasets/BIDS_datasets/MR-ART/sub-549056/anat/sub-549056_acq-standard_T1w.nii.gz,,sub-549056,,192,256,256,1.0,1.0,1.0,7.156319618225098,3,Siemens,MAGNETOM Prisma,12582912,6677479,0.5306783517201742,45.76810546412418,1.0048981457948685,89.45361125169738,1.0048981457948685,2.444323533233524,1.8916996268429696,0.0,0.0,258.0024719014764,327.99670397490263,1.728360518874102,0.4191
MR-ART,/run/media/falconnier/Elements1/datasets/BIDS_datasets/MR-ART/sub-535925/anat/sub-535925_acq-standard_T1w.nii.gz,,sub-535925,,192,256,256,1.0,1.0,1.0,8.72753620147705,3,Siemens,MAGNETOM Prisma,12582912,7551194,0.6001149813334147,58.15353138266955,2.0013274932280183,104.12350174833975,2.0013274932280183,3.2415783246988745,1.8954772072932453,0.0,0.0,274.9959658915177,432.00406516250223,1.7761220851485344,0.4539
MR-ART,/run/media/falconnier/Elements1/datasets/BIDS_datasets/MR-ART/sub-567551/anat/sub-567551_acq-standard_T1w.nii.gz,,sub-567551,,192,256,256,1.0,1.0,1.0,10.313008308410645,3,Siemens,Prisma,12582912,8618662,0.6849497159322103,84.36462200658781,2.0018463116139174,155.80704508034475,2.0018463116139174,3.091235346436691,1.943677974994419,0.0,0.0,430.00289276242256,631.0071775317192,1.3707287558317018,0.4426
MR-ART,/run/media/falconnier/Elements1/datasets/BIDS_datasets/MR-ART/sub-579247/anat/sub-579247_acq-standard_T1w.nii.gz,,sub-579247,,192,256,256,1.0,1.0,1.0,8.77164077758789,3,Siemens,Prisma,12582912,7677469,0.610150416692098,66.37120270754524,1.9994201362133026,134.4668004726977,1.9994201362133026,3.677846925439761,2.0967025992154564,0.0,0.0,393.9993702508509,506.9893286302686,0.9121703745083978,0.4072
MR-ART,/run/media/falconnier/Elements1/datasets/BIDS_datasets/MR-ART/sub-570379/anat/sub-570379_acq-standard_T1w.nii.gz,,sub-570379,,192,256,256,1.0,1.0,1.0,9.493773460388184,3,Siemens,Prisma,12582912,8208350,0.6523410479227701,78.91837010257309,3.000305151566863,143.99281986543483,3.000305151566863,2.87862348339928,1.8649775925312566,0.0,0.0,404.99160364083946,549.99808732979,0.8981054633281785,0.4467
MR-ART,/run/media/falconnier/Elements1/datasets/BIDS_datasets/MR-ART/sub-567742/anat/sub-567742_acq-standard_T1w.nii.gz,,sub-567742,,192,256,256,1.0,1.0,1.0,9.225861549377441,3,Siemens,Prisma,12582912,7919718,0.6294026374816895,76.46055341534647,1.9916838593780994,145.27435408151285,1.9916838593780994,3.0852723838482206,1.9336889682508165,0.0,0.0,409.99245220050216,555.9915385879576,1.2104442696767455,0.4307
MR-ART,/run/media/falconnier/Elements1/datasets/BIDS_datasets/MR-ART/sub-561646/anat/sub-561646_acq-standard_T1w.nii.gz,,sub-561646,,192,256,256,1.0,1.0,1.0,8.084980010986328,3,Siemens,Prisma,12582912,7177992,0.5704555511474609,62.82705464899633,0.9980621039867401,132.23264427952185,0.9980621039867401,4.600400996613523,2.244993087223904,0.0,0.0,371.992004185915,525.9965513385832,1.1049490130243127,0.3934
MR-ART,/run/media/falconnier/Elements1/datasets/BIDS_datasets/MR-ART/sub-581638/anat/sub-581638_acq-standard_T1w.nii.gz,,sub-581638,,192,256,256,1.0,1.0,1.0,8.099461555480957,3,Siemens,Prisma,12582912,7156561,0.5687523682912191,66.7103658486165,1.000930778682232,141.23562557449395,1.000930778682232,4.151614062199407,2.195662937077123,0.0,0.0,408.00984850153327,542.0040166564286,0.9095327012594554,0.3905
MR-ART,/run/media/falconnier/Elements1/datasets/BIDS_datasets/MR-ART/sub-584264/anat/sub-584264_acq-standard_T1w.nii.gz,,sub-584264,,192,256,256,1.0,1.0,1.0,8.266656875610352,3,Siemens,Prisma,12582912,7576110,0.6020951271057129,62.38280077445305,1.9910276792943478,131.18558596115577,1.9910276792943478,4.634026899466409,2.2382644338792956,0.0,0.0,374.01153284683824,511.9957844391465,0.6900609422246698,0.3938
MR-ART,/run/media/falconnier/Elements1/datasets/BIDS_datasets/MR-ART/sub-598630/anat/sub-598630_acq-standard_T1w.nii.gz,,sub-598630,,192,256,256,1.0,1.0,1.0,10.592606544494629,3,Siemens,MAGNETOM Prisma,12582912,9002339,0.715441624323527,67.86885574588587,1.9995422661304474,108.24689732439886,1.9995422661304474,1.6622896330885508,1.5584382508168502,0.0,0.0,291.9956565508619,422.0033952668309,1.7329196672592833,0.4997
MR-ART,/run/media/falconnier/Elements1/datasets/BIDS_datasets/MR-ART/sub-593354/anat/sub-593354_acq-standard_T1w.nii.gz,,sub-593354,,192,256,256,1.0,1.0,1.0,9.424297332763672,3,Siemens,Prisma,12582912,7844876,0.623454729715983,77.16866246622108,2.0012511610984802,150.4225818218399,2.0012511610984802,3.9031258459248734,2.089415232986848,0.0,0.0,413.00820837169886,630.0010128393769,1.2049693890923452,0.4222
MR-ART,/run/media/falconnier/Elements1/datasets/BIDS_datasets/MR-ART/sub-597083/anat/sub-597083_acq-standard_T1w.nii.gz,,sub-597083,,192,256,256,1.0,1.0,1.0,8.405675888061523,3,Siemens,MAGNETOM Prisma,12582912,7324692,0.5821142196655273,54.363422450380426,0.9990386813879013,99.40325574497864,0.9990386813879013,2.598548552287858,1.8290403822251298,0.0,0.0,276.99482712708414,369.99624619446695,1.725050679713744,0.4451
MR-ART,/run/media/falconnier/Elements1/datasets/BIDS_datasets/MR-ART/sub-603309/anat/sub-603309_acq-standard_T1w.nii.gz,,sub-603309,,192,256,256,1.0,1.0,1.0,10.532648086547852,3,Siemens,Prisma,12582912,9081416,0.7217260996500651,89.32686944890514,2.9963377229869366,161.09813902912848,2.9963377229869366,2.8797334318097256,1.8673603187684993,0.0,0.0,446.0020433329046,641.0089789144695,1.2028059147472128,0.4517
MR-ART,/run/media/falconnier/Elements1/datasets/BIDS_datasets/MR-ART/sub-599619/anat/sub-599619_acq-standard_T1w.nii.gz,,sub-599619,,192,256,256,1.0,1.0,1.0,9.032676696777344,3,Siemens,Prisma,12582912,8011378,0.6366871198018392,74.57378896068768,1.9925993103533983,148.425799793141,1.9925993103533983,3.865159177342437,2.089274124136583,0.0,0.0,418.00792125985026,590.0064661260694,0.9564765802823656,0.4137
MR-ART,/run/media/falconnier/Elements1/datasets/BIDS_datasets/MR-ART/sub-602346/anat/sub-602346_acq-standard_T1w.nii.gz,,sub-602346,,192,256,256,1.0,1.0,1.0,8.494531631469727,3,Siemens,Prisma,12582912,7466728,0.5934022267659506,70.672608989773,2.0075227227061987,142.5183803571857,2.0075227227061987,3.361093655317557,2.050422370095068,0.0,0.0,415.99922695197165,530.0044164340943,1.104542040214865,0.4084
MR-ART,/run/media/falconnier/Elements1/datasets/BIDS_datasets/MR-ART/sub-607339/anat/sub-607339_acq-standard_T1w.nii.gz,,sub-607339,,192,256,256,1.0,1.0,1.0,10.129260063171387,3,Siemens,Prisma,12582912,8017064,0.6371390024820963,96.56399587685995,3.000473067164421,171.79743360935066,3.000473067164421,3.1756782901841785,1.9061770156615947,0.0,0.0,458.9991970062256,697.0062343887985,1.2679341292748574,0.4572
MR-ART,/run/media/falconnier/Elements1/datasets/BIDS_datasets/MR-ART/sub-607974/anat/sub-607974_acq-standard_T1w.nii.gz,,sub-607974,,192,256,256,1.0,1.0,1.0,8.661768913269043,3,Siemens,Prisma,12582912,7615481,0.6052240530649821,73.24394997871997,1.9939880296587944,149.6875175553969,1.9939880296587944,3.8881873502742543,2.126925424821733,0.0,0.0,431.00818179547787,574.9916471019387,0.9361103406243364,0.4036
MR-ART,/run/media/falconnier/Elements1/datasets/BIDS_datasets/MR-ART/sub-613957/anat/sub-613957_acq-standard_T1w.nii.gz,,sub-613957,,192,256,256,1.0,1.0,1.0,10.359395980834961,3,Siemens,MAGNETOM Prisma,12582912,8822960,0.7011858622233073,72.61970386457254,2.993820095434785,121.02550980794626,2.993820095434785,2.55905316916479,1.7758415913945247,0.0,0.0,329.0008696876466,486.99473552405834,1.7359869194923703,0.4841
MR-ART,/run/media/falconnier/Elements1/datasets/BIDS_datasets/MR-ART/sub-611047/anat/sub-611047_acq-standard_T1w.nii.gz,,sub-611047,,192,256,256,1.0,1.0,1.0,9.10888957977295,3,Siemens,MAGNETOM Prisma,12582912,7756998,0.6164708137512207,57.48001744459142,2.0021057054400444,98.81974836383915,2.0021057054400444,2.2735475574443678,1.7085245176435568,0.0,0.0,268.9972022809088,360.99872636422515,1.6749703563599563,0.4692
MR-ART,/run/media/falconnier/Elements1/datasets/BIDS_datasets/MR-ART/sub-645865/anat/sub-645865_acq-standard_T1w.nii.gz,,sub-645865,,192,256,256,1.0,1.0,1.0,10.249146461486816,3,Siemens,Prisma,12582912,8881786,0.7058609326680502,88.09037561609212,2.000930778682232,149.77578033625727,2.000930778682232,1.2946339448393251,1.5514465160037774,0.0,0.0,417.00716722756624,522.0010624825954,1.0186980737737752,0.4727
MR-ART,/run/media/falconnier/Elements1/datasets/BIDS_datasets/MR-ART/sub-654178/anat/sub-654178_acq-standard_T1w.nii.gz,,sub-654178,,192,256,256,1.0,1.0,1.0,8.146666526794434,3,Siemens,MAGNETOM Prisma,12582912,7182258,0.5707945823669434,51.39869703996271,0.9959258753806353,99.27915471166867,0.9959258753806353,3.9335223125953434,2.0632588755881627,0.0,0.0,274.0007418496534,389.9991894159466,1.4262969299880877,0.4251
MR-ART,/run/media/falconnier/Elements1/datasets/BIDS_datasets/MR-ART/sub-630780/anat/sub-630780_acq-standard_T1w.nii.gz,,sub-630780,,192,256,256,1.0,1.0,1.0,8.822959899902344,3,Siemens,Prisma,12582912,7837340,0.6228558222452799,72.00129443778275,1.994186393916607,142.3727975106903,1.994186393916607,3.4353497176081538,2.0316907731911424,0.0,0.0,405.9958966076374,538.0042181536555,1.194423629317157,0.4159
MR-ART,/run/media/falconnier/Elements1/datasets/BIDS_datasets/MR-ART/sub-652881/anat/sub-652881_acq-standard_T1w.nii.gz,,sub-652881,,192,256,256,1.0,1.0,1.0,9.282090187072754,3,Siemens,Prisma,12582912,8279839,0.6580224831899008,73.44810141582137,1.9922178983688354,138.5688651183602,1.9922178983688354,2.919669523791664,1.9147871689431837,0.0,0.0,394.00259394198656,521.0064849629998,1.02106028154526,0.4337
MR-ART,/run/media/falconnier/Elements1/datasets/BIDS_datasets/MR-ART/sub-654601/anat/sub-654601_acq-standard_T1w.nii.gz,,sub-654601,,192,256,256,1.0,1.0,1.0,8.365556716918945,3,Siemens,MAGNETOM Prisma,12582912,7735623,0.6147720813751221,56.21005222743228,2.0039368271827698,100.70838865578621,2.0039368271827698,3.440459122359531,1.9117575747063715,0.0,0.0,271.00608828663826,392.99574264138937,1.5467239246430613,0.4542
MR-ART,/run/media/falconnier/Elements1/datasets/BIDS_datasets/MR-ART/sub-664050/anat/sub-664050_acq-standard_T1w.nii.gz,,sub-664050,,192,256,256,1.0,1.0,1.0,7.205905914306641,3,Siemens,MAGNETOM Prisma,12582912,6395941,0.508303721745809,44.802605730652296,0.9983978234231472,94.73141699945435,0.9983978234231472,4.711776523972078,2.26039143355269,0.0,0.0,268.00325573422015,378.0045092571527,1.597941140013708,0.3914
MR-ART,/run/media/falconnier/Elements1/datasets/BIDS_datasets/MR-ART/sub-672229/anat/sub-672229_acq-standard_T1w.nii.gz,,sub-672229,,192,256,256,1.0,1.0,1.0,8.850797653198242,3,Siemens,Prisma,12582912,7568555,0.6014947096506754,73.0767900006973,2.002533098682761,145.49759077109763,2.002533098682761,3.6694967194590022,2.0668884614584204,0.0,0.0,412.0074061565101,566.0003642588854,1.122286611876789,0.4133
MR-ART,/run/media/falconnier/Elements1/datasets/BIDS_datasets/MR-ART/sub-678878/anat/sub-678878_acq-standard_T1w.nii.gz,,sub-678878,,192,256,256,1.0,1.0,1.0,10.597241401672363,3,Siemens,Prisma,12582912,8833842,0.7020506858825684,94.4442580069566,3.0118105094879866,157.3117857105261,3.0118105094879866,2.1168785493559357,1.644609490523807,0.0,0.0,426.00386428646743,586.9941457081586,0.9200903774700899,0.4819
MR-ART,/run/media/falconnier/Elements1/datasets/BIDS_datasets/MR-ART/sub-669067/anat/sub-669067_acq-standard_T1w.nii.gz,,sub-669067,,192,256,256,1.0,1.0,1.0,8.945136070251465,3,Siemens,Prisma,12582912,7867003,0.6252132256825765,74.66553679986515,1.9980773627758026,144.81530219729768,1.9980773627758026,3.6673363461476676,2.0514785558570323,0.0,0.0,409.9918515868485,590.9994963146746,0.9515540690213184,0.4237
MR-ART,/run/media/falconnier/Elements1/datasets/BIDS_datasets/MR-ART/sub-687508/anat/sub-687508_acq-standard_T1w.nii.gz,,sub-687508,,192,256,256,1.0,1.0,1.0,9.637816429138184,3,Siemens,MAGNETOM Prisma,12582912,8342743,0.6630216439565023,66.83296536478566,1.9986266531050205,108.58358328945864,1.9986266531050205,2.700129039881247,1.7008672890623684,0.0,0.0,284.99335734546185,427.0038835890591,1.606305301733782,0.4925
MR-ART,/run/media/falconnier/Elements1/datasets/BIDS_datasets/MR-ART/sub-680990/anat/sub-680990_acq-standard_T1w.nii.gz,,sub-680990,,192,256,256,1.0,1.0,1.0,10.937347412109375,3,Siemens,Prisma,12582912,8881426,0.705832322438558,97.1318510611995,2.993209660053253,163.18229751436934,2.993209660053253,2.908733214801374,1.788756821056901,0.0,0.0,433.00519244745374,662.9959397017956,1.2686364925599525,0.4797
MR-ART,/run/media/falconnier/Elements1/datasets/BIDS_datasets/MR-ART/sub-691641/anat/sub-691641_acq-standard_T1w.nii.gz,,sub-691641,,192,256,256,1.0,1.0,1.0,9.254892349243164,3,Siemens,Prisma,12582912,8232921,0.6542937755584717,76.49142317052811,1.9943540915846825,151.09670507321326,1.9943540915846825,3.47466359896688,2.0396597217302066,0.0,0.0,429.00550864078104,600.9986054990441,1.0349538273475827,0.4163
MR-ART,/run/media/falconnier/Elements1/datasets/BIDS_datasets/MR-ART/sub-694330/anat/sub-694330_acq-standard_T1w.nii.gz,,sub-694330,,192,256,256,1.0,1.0,1.0,8.344828605651855,3,Siemens,MAGNETOM Prisma,12582912,7212367,0.5731874306996664,54.39097549604217,2.000915613025427,108.11257177976705,2.000915613025427,5.202840326383047,2.2732929901756105,0.0,0.0,288.00275694578886,479.00628862529993,1.5164050707183416,0.4157
MR-ART,/run/media/falconnier/Elements1/datasets/BIDS_datasets/MR-ART/sub-691777/anat/sub-691777_acq-standard_T1w.nii.gz,,sub-691777,,192,256,256,1.0,1.0,1.0,8.952410697937012,3,Siemens,Prisma,12582912,7798510,0.6197698911031088,72.23205813583799,2.009704699739814,143.65008606451056,2.009704699739814,4.0332685334556855,2.111684239870098,0.0,0.0,404.00026698596776,581.9955943431705,0.8569650142095953,0.4142
MR-ART,/run/media/falconnier/Elements1/datasets/BIDS_datasets/MR-ART/sub-697441/anat/sub-697441_acq-standard_T1w.nii.gz,,sub-697441,,192,256,256,1.0,1.0,1.0,11.216191291809082,3,Siemens,Prisma,12582912,9413611,0.7481265862782797,102.54921221439037,3.9896850287914276,157.52011829418367,3.9896850287914276,1.01501679604542,1.3843175034707933,0.0,0.0,428.9995559491217,534.0106678754091,1.1119890312704475,0.5137
MR-ART,/run/media/falconnier/Elements1/datasets/BIDS_datasets/MR-ART/sub-714347/anat/sub-714347_acq-standard_T1w.nii.gz,,sub-714347,,192,256,256,1.0,1.0,1.0,11.000271797180176,3,Siemens,Prisma,12582912,9393246,0.7465081214904785,92.63834564746638,2.9980162251740694,152.09498078356364,2.9980162251740694,1.9864125766904,1.6113012855426225,0.0,0.0,412.010133234784,561.0012016389519,1.124624536437514,0.4879
MR-ART,/run/media/falconnier/Elements1/datasets/BIDS_datasets/MR-ART/sub-707576/anat/sub-707576_acq-standard_T1w.nii.gz,,sub-707576,,192,256,256,1.0,1.0,1.0,8.842897415161133,3,Siemens,Prisma,12582912,8209045,0.6523962815602621,61.9583581564521,2.0094911493360996,121.40483811917245,2.0094911493360996,3.313784553609909,1.9853417184505981,0.0,0.0,348.989798264578,442.99477447010577,0.8399958930709878,0.4194
MR-ART,/run/media/falconnier/Elements1/datasets/BIDS_datasets/MR-ART/sub-740606/anat/sub-740606_acq-standard_T1w.nii.gz,,sub-740606,,192,256,256,1.0,1.0,1.0,8.21997356414795,3,Siemens,Prisma,12582912,7312697,0.5811609427134196,68.94946543452524,2.0046692602336407,142.46873663590114,2.0046692602336407,4.266704047553929,2.1808283908566866,0.0,0.0,405.0012969225645,567.9896237328649,0.7212811773408823,0.3997
MR-ART,/run/media/falconnier/Elements1/datasets/BIDS_datasets/MR-ART/sub-750675/anat/sub-750675_acq-standard_T1w.nii.gz,,sub-750675,,192,256,256,1.0,1.0,1.0,8.358270645141602,3,Siemens,MAGNETOM Prisma,12582912,7251793,0.5763207276662191,50.47455176775179,1.0030670836567879,93.79229615853485,1.0030670836567879,3.125629133747905,1.9103757956871625,0.0,0.0,258.99648039601743,343.9950172463432,1.705966734205728,0.4394
MR-ART,/run/media/falconnier/Elements1/datasets/BIDS_datasets/MR-ART/sub-754006/anat/sub-754006_acq-standard_T1w.nii.gz,,sub-754006,,192,256,256,1.0,1.0,1.0,12.27334213256836,3,Siemens,Prisma,12582912,9913691,0.787869373957316,119.75455674606697,4.9946899227797985,177.74176749182254,4.9946899227797985,2.001635783019247,1.5515772096043434,0.0,0.0,469.0068724192679,714.002816580236,1.4149148059350367,0.5301
MR-ART,/run/media/falconnier/Elements1/datasets/BIDS_datasets/MR-ART/sub-723372/anat/sub-723372_acq-standard_T1w.nii.gz,,sub-723372,,192,256,256,1.0,1.0,1.0,10.002464294433594,3,Siemens,Prisma,12582912,8392997,0.6670154730478922,88.49898918440182,2.0085298605263233,164.21610817578895,2.0085298605263233,3.167177342624549,1.939725040533938,0.0,0.0,459.0008393637836,652.9999760985374,1.0779331559130065,0.4406
MR-ART,/run/media/falconnier/Elements1/datasets/BIDS_datasets/MR-ART/sub-754183/anat/sub-754183_acq-standard_T1w.nii.gz,,sub-754183,,192,256,256,1.0,1.0,1.0,9.30569076538086,3,Siemens,Prisma,12582912,8216100,0.6529569625854492,68.68974877915703,2.0008239410817623,132.82933151833583,2.0008239410817623,3.719388671062908,2.043520228787783,0.0,0.0,373.99074441567063,533.9954099897295,1.0243971184610008,0.4249
MR-ART,/run/media/falconnier/Elements1/datasets/BIDS_datasets/MR-ART/sub-764976/anat/sub-764976_acq-standard_T1w.nii.gz,,sub-764976,,192,256,256,1.0,1.0,1.0,9.941850662231445,3,Siemens,Prisma,12582912,8393059,0.6670204003651937,79.08753445438997,1.9977110624313354,145.2033048525146,1.9977110624313354,3.571121439157566,1.9773178741122157,0.0,0.0,394.9974198192358,598.997014477849,1.2894885552599493,0.4448
MR-ART,/run/media/falconnier/Elements1/datasets/BIDS_datasets/MR-ART/sub-757271/anat/sub-757271_acq-standard_T1w.nii.gz,,sub-757271,,192,256,256,1.0,1.0,1.0,9.837971687316895,3,Siemens,Prisma,12582912,8193134,0.651131788889567,89.36839926956979,2.0062561985105276,156.630348904206,2.0062561985105276,2.4586372785049937,1.7511733140868002,0.0,0.0,420.99702439270914,617.9902646001428,1.0535964138255691,0.4614
MR-ART,/run/media/falconnier/Elements1/datasets/BIDS_datasets/MR-ART/sub-778481/anat/sub-778481_acq-standard_T1w.nii.gz,,sub-778481,,192,256,256,1.0,1.0,1.0,11.152726173400879,3,Siemens,Prisma,12582912,9296703,0.7388355731964111,99.12663283170156,2.998092770576477,175.19634274988698,2.998092770576477,2.8459520688662563,1.8662717618650295,0.0,0.0,479.994652569294,693.0091439187527,1.251001594230169,0.4601
MR-ART,/run/media/falconnier/Elements1/datasets/BIDS_datasets/MR-ART/sub-772389/anat/sub-772389_acq-standard_T1w.nii.gz,,sub-772389,,192,256,256,1.0,1.0,1.0,10.085432052612305,3,Siemens,Prisma,12582912,8462234,0.6725179354349772,84.00255949199932,2.999298045411706,142.10631704877994,2.999298045411706,1.4338008462666654,1.5755513705875512,0.0,0.0,394.00359592959285,494.9919367041439,1.249923606316626,0.4752
MR-ART,/run/media/falconnier/Elements1/datasets/BIDS_datasets/MR-ART/sub-780660/anat/sub-780660_acq-standard_T1w.nii.gz,,sub-780660,,192,256,256,1.0,1.0,1.0,9.751955032348633,3,Siemens,Prisma,12582912,7996341,0.6354920864105225,81.836995095892,2.005035560578108,151.5532629253166,2.005035560578108,2.9280163499504708,1.9094286475685918,0.0,0.0,425.0007043238729,597.0104772485793,1.0210040923078698,0.4414
MR-ART,/run/media/falconnier/Elements1/datasets/BIDS_datasets/MR-ART/sub-791907/anat/sub-791907_acq-standard_T1w.nii.gz,,sub-791907,,192,256,256,1.0,1.0,1.0,11.292073249816895,3,Siemens,Prisma,12582912,9367909,0.7444945176442465,106.12348970519326,3.0083771646022797,168.13301257508476,3.0083771646022797,2.0297545692231154,1.599288064276921,0.0,0.0,442.0086004436016,661.9915380477905,1.3001717344976165,0.5024
MR-ART,/run/media/falconnier/Elements1/datasets/BIDS_datasets/MR-ART/sub-788339/anat/sub-788339_acq-standard_T1w.nii.gz,,sub-788339,,192,256,256,1.0,1.0,1.0,9.212838172912598,3,Siemens,MAGNETOM Prisma,12582912,7970508,0.6334390640258789,61.555154449177884,1.993774389848113,106.46798194781955,1.993774389848113,3.1501360857778318,1.8351496619879986,0.0,0.0,277.00432813726366,433.0008851364255,1.5698837092302074,0.4675
MR-ART,/run/media/falconnier/Elements1/datasets/BIDS_datasets/MR-ART/sub-802945/anat/sub-802945_acq-standard_T1w.nii.gz,,sub-802945,,192,256,256,1.0,1.0,1.0,9.512741088867188,3,Siemens,Prisma,12582912,8176691,0.6498250166575114,88.35430571169324,1.9876402281224728,162.0944620346258,1.9876402281224728,2.625038494716848,1.8315673933379508,0.0,0.0,457.00435706600547,600.0125232227147,0.873015581417269,0.4438
MR-ART,/run/media/falconnier/Elements1/datasets/BIDS_datasets/MR-ART/sub-811563/anat/sub-811563_acq-standard_T1w.nii.gz,,sub-811563,,192,256,256,1.0,1.0,1.0,9.026276588439941,3,Siemens,Prisma,12582912,7807912,0.6205170949300131,77.20982190812725,2.006683560088277,150.9837179135148,2.006683560088277,2.952960466220442,1.9563061585356574,0.0,0.0,432.00295308977365,576.9987036623061,1.1919947585931887,0.4195
MR-ART,/run/media/falconnier/Elements1/datasets/BIDS_datasets/MR-ART/sub-830976/anat/sub-830976_acq-standard_T1w.nii.gz,,sub-830976,,192,256,256,1.0,1.0,1.0,7.934695243835449,3,Siemens,MAGNETOM Prisma,12582912,6847097,0.5441583792368571,49.62025684960394,0.9984893761575222,96.6622380685446,0.9984893761575222,3.073742405670835,1.9649094688965256,0.0,0.0,272.0051475549117,375.0040814168751,1.5042714603322793,0.4207
MR-ART,/run/media/falconnier/Elements1/datasets/BIDS_datasets/MR-ART/sub-809320/anat/sub-809320_acq-standard_T1w.nii.gz,,sub-809320,,192,256,256,1.0,1.0,1.0,9.963765144348145,3,Siemens,Prisma,12582912,8393696,0.6670710245768229,77.9910390711788,2.00915546156466,143.50000994297153,2.00915546156466,3.72170393711865,2.0278140024293796,0.0,0.0,384.9924560636282,590.9978627227247,1.1791425231788508,0.445
MR-ART,/run/media/falconnier/Elements1/datasets/BIDS_datasets/MR-ART/sub-848092/anat/sub-848092_acq-standard_T1w.nii.gz,,sub-848092,,192,256,256,1.0,1.0,1.0,8.19096565246582,3,Siemens,MAGNETOM Prisma,12582912,6875422,0.5464094479878744,56.38282542928594,1.0030670836567879,110.8579687441526,1.0030670836567879,4.294401253185344,2.164411146472205,0.0,0.0,295.0043090013787,482.9995977599174,1.7193352419993801,0.4189
MR-ART,/run/media/falconnier/Elements1/datasets/BIDS_datasets/MR-ART/sub-862915/anat/sub-862915_acq-standard_T1w.nii.gz,,sub-862915,,192,256,256,1.0,1.0,1.0,7.8568315505981445,3,Siemens,MAGNETOM Prisma,12582912,7000958,0.5563861529032389,48.10045389874017,0.9968719221651554,93.80724529182811,0.9968719221651554,3.3623556867893916,2.0077628310836064,0.0,0.0,264.00137904658914,355.00305951572955,1.7285930244852177,0.4208
MR-ART,/run/media/falconnier/Elements1/datasets/BIDS_datasets/MR-ART/sub-890465/anat/sub-890465_acq-standard_T1w.nii.gz,,sub-890465,,192,256,256,1.0,1.0,1.0,8.516231536865234,3,Siemens,MAGNETOM Prisma,12582912,7169075,0.5697468916575114,57.943486087996085,1.642481116577983,110.68810845845762,1.642481116577983,4.108054174144051,2.081765887771002,0.0,0.0,300.00549317803234,460.9939115429297,1.559434959188108,0.4296
MR-ART,/run/media/falconnier/Elements1/datasets/BIDS_datasets/MR-ART/sub-865293/anat/sub-865293_acq-standard_T1w.nii.gz,,sub-865293,,192,256,256,1.0,1.0,1.0,8.315302848815918,3,Siemens,Prisma,12582912,8118904,0.6452325185139974,71.90285356005401,1.9922178983688354,140.12132303299836,1.9922178983688354,3.8263990813938014,2.0667967947830292,0.0,0.0,399.00608825683594,548.000549197197,0.9121748725194668,0.4219
MR-ART,/run/media/falconnier/Elements1/datasets/BIDS_datasets/MR-ART/sub-886764/anat/sub-886764_acq-standard_T1w.nii.gz,,sub-886764,,192,256,256,1.0,1.0,1.0,10.079854011535645,3,Siemens,Prisma,12582912,8567785,0.6809063752492269,75.78852460246982,1.9980774521827698,137.56977956683787,1.9980774521827698,2.374498618518987,1.788347224097591,0.0,0.0,387.0026265196502,491.0067205671221,1.0434399879541985,0.4483
MR-ART,/run/media/falconnier/Elements1/datasets/BIDS_datasets/MR-ART/sub-926536/anat/sub-926536_acq-standard_T1w.nii.gz,,sub-926536,,192,256,256,1.0,1.0,1.0,8.36687183380127,3,Siemens,MAGNETOM Prisma,12582912,7117522,0.5656498273213705,55.02611895482752,0.9981841761618853,104.42773717836644,0.9981841761618853,3.626460176392267,2.016184518589305,0.0,0.0,281.00233456492424,438.00051870476454,1.4340581534589616,0.4315
MR-ART,/run/media/falconnier/Elements1/datasets/BIDS_datasets/MR-ART/sub-923660/anat/sub-923660_acq-standard_T1w.nii.gz,,sub-923660,,192,256,256,1.0,1.0,1.0,8.642117500305176,3,Siemens,MAGNETOM Prisma,12582912,7852036,0.6240237553914388,54.233162959281366,1.9978332184255123,98.07519206795773,1.9978332184255123,2.7101940477606377,1.8421291058589626,0.0,0.0,270.9994963891804,374.9944914057851,1.6277048562493175,0.4501
MR-ART,/run/media/falconnier/Elements1/datasets/BIDS_datasets/MR-ART/sub-927452/anat/sub-927452_acq-standard_T1w.nii.gz,,sub-927452,,192,256,256,1.0,1.0,1.0,9.669573783874512,3,Siemens,Prisma,12582912,8489118,0.674654483795166,74.836726347001,2.0000000707805157,133.19449265198242,2.0000000707805157,1.8632874942917468,1.6865393278794014,0.0,0.0,369.00001305900514,468.00001656264067,1.0851857132923042,0.4552
MR-ART,/run/media/falconnier/Elements1/datasets/BIDS_datasets/MR-ART/sub-914102/anat/sub-914102_acq-standard_T1w.nii.gz,,sub-914102,,192,256,256,1.0,1.0,1.0,9.244702339172363,3,Siemens,Prisma,12582912,7936866,0.630765438079834,73.59194300792272,1.9908904395997524,143.94367908270166,1.9908904395997524,4.077148557569449,2.101561543992796,0.0,0.0,400.004592910409,589.997642017901,1.1506381145640543,0.4206
MR-ART,/run/media/falconnier/Elements1/datasets/BIDS_datasets/MR-ART/sub-945652/anat/sub-945652_acq-standard_T1w.nii.gz,,sub-945652,,192,256,256,1.0,1.0,1.0,7.933416366577148,3,Siemens,Prisma,12582912,6714611,0.5336293379465739,62.65960037044283,0.9973906949162483,132.2692424953875,0.9973906949162483,4.4070866259054835,2.216331998969612,0.0,0.0,375.99711139313877,509.99271513707936,1.028663908468858,0.3917
MR-ART,/run/media/falconnier/Elements1/datasets/BIDS_datasets/MR-ART/sub-945122/anat/sub-945122_acq-standard_T1w.nii.gz,,sub-945122,,192,256,256,1.0,1.0,1.0,10.304232597351074,3,Siemens,Prisma,12582912,8737197,0.6943700313568115,83.3881341386314,2.9914854280650616,148.96885244085624,2.9914854280650616,3.192211238412545,1.893162221254687,0.0,0.0,408.00850939005613,603.9978408627212,1.1900579616206644,0.4554
MR-ART,/run/media/falconnier/Elements1/datasets/BIDS_datasets/MR-ART/sub-946200/anat/sub-946200_acq-standard_T1w.nii.gz,,sub-946200,,192,256,256,1.0,1.0,1.0,10.13735294342041,3,Siemens,MAGNETOM Prisma,12582912,8645481,0.6870810985565186,64.19147821347319,2.0033570285886526,102.05147643633128,2.0033570285886526,1.3691799678268506,1.4929317515254217,0.0,0.0,275.9993346333504,374.9968037987128,1.991075419525071,0.5
MR-ART,/run/media/falconnier/Elements1/datasets/BIDS_datasets/MR-ART/sub-938344/anat/sub-938344_acq-standard_T1w.nii.gz,,sub-938344,,192,256,256,1.0,1.0,1.0,8.936150550842285,3,Siemens,Prisma,12582912,7849420,0.6238158543904623,67.03826777122558,1.9985808413475752,130.76844004419576,1.9985808413475752,3.395799714783683,2.0204693878341464,0.0,0.0,375.9956380818039,510.99068945646286,1.0227153446518182,0.4213
MR-ART,/run/media/falconnier/Elements1/datasets/BIDS_datasets/MR-ART/sub-966788/anat/sub-966788_acq-standard_T1w.nii.gz,,sub-966788,,192,256,256,1.0,1.0,1.0,9.775463104248047,3,Siemens,Prisma,12582912,8680269,0.6898458003997803,75.82380416998308,1.9963378831744194,142.49946901629613,1.9963378831744194,3.7862270098738184,2.027230272139438,0.0,0.0,387.0043582096696,580.0026996582747,1.1441210343313009,0.4362
MR-ART,/run/media/falconnier/Elements1/datasets/BIDS_datasets/MR-ART/sub-987325/anat/sub-987325_acq-standard_T1w.nii.gz,,sub-987325,,192,256,256,1.0,1.0,1.0,8.816895484924316,3,Siemens,MAGNETOM Prisma,12582912,7593951,0.6035130023956299,57.39362713642223,2.002212595194578,102.1896525617934,2.002212595194578,2.830352304157567,1.8136044958806645,0.0,0.0,274.9995473138988,387.99397986009717,1.5767684978817005,0.4555
MR-ART,/run/media/falconnier/Elements1/datasets/BIDS_datasets/MR-ART/sub-986786/anat/sub-986786_acq-standard_T1w.nii.gz,,sub-986786,,192,256,256,1.0,1.0,1.0,10.801650047302246,3,Siemens,Prisma,12582912,8834177,0.702077309290568,99.2044687871047,3.0057222694158554,162.84909825832898,3.0057222694158554,1.9414681605587933,1.6043976889804656,0.0,0.0,434.9913983643055,610.9999513924122,1.1507051156106574,0.4876
MR-ART,/run/media/falconnier/Elements1/datasets/BIDS_datasets/MR-ART/sub-988484/anat/sub-988484_acq-standard_T1w.nii.gz,,sub-988484,,192,256,256,1.0,1.0,1.0,9.62285327911377,3,Siemens,Prisma,12582912,8520354,0.6771368980407715,76.70252003673481,1.9983519930392504,142.58500321096972,1.9983519930392504,3.4114258379969487,1.9617407605817305,0.0,0.0,389.9972164966166,586.9941767379642,0.7726278818509219,0.4399
MR-ART,/run/media/falconnier/Elements1/datasets/BIDS_datasets/MR-ART/sub-992121/anat/sub-992121_acq-standard_T1w.nii.gz,,sub-992121,,192,256,256,1.0,1.0,1.0,9.607934951782227,3,Siemens,MAGNETOM Prisma,12582912,8249338,0.6555984814961752,63.322996064792676,2.0008850917220116,107.83377419223613,2.0008850917220116,3.4320588192384474,1.8620065693125436,0.0,0.0,284.00400757975876,439.0050047188997,1.5802062688450156,0.4745
MR-ART,/run/media/falconnier/Elements1/datasets/BIDS_datasets/MR-ART/sub-988653/anat/sub-988653_acq-standard_T1w.nii.gz,,sub-988653,,192,256,256,1.0,1.0,1.0,8.72939395904541,3,Siemens,Prisma,12582912,7038891,0.5594007968902588,78.72206601893244,2.0083008520305157,153.66266598356876,2.0083008520305157,3.6816906877084223,2.054523428604947,0.0,0.0,425.0003391318023,622.9951760731637,1.2428919321411172,0.4208
MR-ART,/run/media/falconnier/Elements1/datasets/BIDS_datasets/MR-ART/sub-992238/anat/sub-992238_acq-standard_T1w.nii.gz,,sub-992238,,192,256,256,1.0,1.0,1.0,9.992838859558105,3,Siemens,Prisma,12582912,8951478,0.7113995552062988,80.4045324640057,3.002822995185852,138.2501431053032,3.002822995185852,1.5755882615622294,1.6050804000863472,0.0,0.0,385.9992468357086,482.0076875090599,0.8364055872379941,0.469
